Age,Attrition,Department,DistanceFromHome,Gender,JobSatisfaction,MaritalStatus,MonthlyIncome,OverTime,PerformanceRating,WorkLifeBalance,YearsAtCompany,YearsInCurrentRole,YearsSinceLastPromotion,group
41,0,Sales,13,Female,2,Married,9757,No,3,1,2,1,1,A
35,0,Sales,13,Male,3,Married,15242,No,3,3,3,1,1,B
42,1,Sales,19,Female,2,Married,4971,Yes,3,2,4,2,1,A
50,0,Research,1,Male,4,Divorced,3778,Yes,3,1,4,2,0,B
34,0,Research,15,Male,1,Single,3518,No,4,3,2,1,1,B
34,0,Research,19,Male,3,Divorced,3781,Yes,4,1,1,0,1,B
51,0,Research,1,Female,2,Single,13099,No,3,2,4,2,7,A
43,0,Research,12,Female,2,Single,3626,Yes,4,3,2,1,0,A
32,0,Sales,5,Female,2,Single,4158,No,3,1,5,2,2,A
41,0,Research,9,Female,1,Divorced,1538,No,3,3,1,0,1,A
32,0,Research,12,Male,3,Married,7674,No,4,3,2,0,0,B
32,0,Sales,6,Female,1,Married,6231,Yes,4,2,5,2,1,A
39,0,Research,4,Female,1,Divorced,1951,No,3,2,2,0,2,A
19,1,Sales,10,Male,1,Married,2928,Yes,4,1,0,0,0,B
21,0,Sales,1,Male,4,Single,12631,No,3,3,5,3,3,B
31,0,HR,1,Male,4,Married,6630,Yes,4,3,3,2,2,B
27,0,HR,15,Male,4,Married,6906,No,4,3,2,1,1,B
39,1,HR,1,Male,3,Married,6922,No,3,1,8,2,1,B
28,0,HR,15,Male,1,Single,12078,No,4,2,1,0,0,B
24,0,Research,13,Male,1,Married,2319,No,4,2,3,2,1,B
50,0,HR,1,Female,4,Married,4914,Yes,3,3,2,1,1,A
34,0,Sales,4,Female,1,Married,5824,No,3,1,0,0,4,A
37,0,Research,19,Male,1,Divorced,1000,No,3,3,2,1,1,B
24,0,HR,2,Male,2,Divorced,2835,No,3,2,6,4,1,B
32,0,Sales,6,Female,1,Married,10686,No,3,3,2,0,0,A
37,0,Research,13,Male,2,Divorced,9540,Yes,3,3,2,0,1,B
26,1,Research,16,Male,1,Divorced,10248,No,4,3,7,2,0,B
40,0,HR,7,Male,3,Single,4143,Yes,3,2,1,0,1,B
31,0,Research,5,Male,4,Divorced,4637,No,3,1,6,3,2,B
34,0,Sales,21,Male,2,Divorced,1000,No,3,3,0,0,1,B
31,0,Research,23,Female,4,Married,10227,No,4,2,6,3,1,A
53,0,Sales,17,Male,2,Single,10886,Yes,3,3,1,0,2,B
36,0,Research,10,Male,2,Single,10835,No,3,1,1,0,2,B
27,0,HR,3,Male,2,Single,12916,No,4,3,1,0,0,B
44,0,Sales,3,Female,3,Divorced,8188,No,4,1,5,1,3,A
26,0,Research,14,Female,1,Married,12727,Yes,3,2,3,2,4,A
38,0,Research,13,Male,2,Single,5698,Yes,4,1,5,3,1,B
19,0,Research,21,Male,3,Single,1000,Yes,4,1,3,2,1,B
25,0,Sales,15,Male,2,Divorced,9942,No,3,2,2,1,1,B
38,0,Sales,1,Male,1,Single,1000,Yes,3,1,4,3,0,B
43,0,Sales,18,Female,2,Married,7180,No,3,1,3,1,3,A
38,0,HR,2,Female,3,Single,10321,Yes,4,2,3,2,4,A
35,0,HR,6,Male,1,Married,7797,No,3,1,2,1,3,B
34,0,Sales,12,Male,3,Married,15612,No,4,1,3,1,0,B
23,0,Research,25,Female,1,Married,1000,No,3,3,2,0,0,A
30,0,HR,30,Female,1,Divorced,6168,No,4,1,2,0,1,A
32,0,Sales,14,Male,4,Divorced,6569,Yes,3,1,3,1,1,B
46,0,Research,8,Male,4,Married,1123,Yes,4,1,11,9,1,B
40,0,HR,14,Male,4,Married,1885,Yes,3,2,1,0,1,B
21,0,Research,17,Female,1,Single,3119,No,3,1,8,5,1,A
39,0,Research,7,Female,2,Single,2101,No,3,2,4,2,3,A
33,0,Research,24,Female,3,Single,6068,No,4,2,2,1,2,A
30,0,Research,11,Female,3,Divorced,4088,No,4,1,1,0,1,A
42,0,HR,13,Male,3,Single,7771,No,3,1,0,0,2,B
46,0,HR,15,Female,4,Married,9097,No,4,1,2,1,1,A
45,0,HR,13,Female,1,Married,8827,No,3,1,3,1,2,A
29,0,Sales,16,Female,4,Divorced,4859,Yes,4,1,6,5,4,A
34,0,HR,5,Male,2,Divorced,7637,No,3,1,5,2,3,B
39,0,Research,5,Female,1,Single,10640,No,4,1,2,1,0,A
45,0,HR,1,Female,3,Divorced,8282,No,4,2,2,0,1,A
32,0,Research,13,Female,4,Married,13935,No,4,3,2,1,2,A
35,0,Sales,16,Male,4,Married,10428,No,4,2,3,2,0,B
27,0,Research,13,Female,2,Divorced,13373,Yes,4,1,1,0,2,A
26,0,Research,23,Male,2,Married,1000,No,3,3,3,1,2,B
44,0,Research,9,Male,4,Divorced,6886,No,4,3,3,1,0,B
49,0,Sales,15,Female,2,Married,5204,Yes,4,1,3,2,1,A
36,0,HR,1,Male,3,Single,6000,No,4,1,7,4,2,B
46,0,HR,6,Female,2,Divorced,3280,No,4,2,7,4,4,A
40,0,Sales,15,Male,2,Divorced,8084,No,3,3,4,2,1,B
31,0,Research,16,Male,4,Divorced,1000,Yes,4,3,4,1,0,B
40,0,HR,7,Female,4,Married,8113,No,4,1,11,4,0,A
50,0,Sales,9,Female,1,Single,3413,No,3,1,0,0,1,A
36,1,HR,1,Male,1,Divorced,4498,No,3,3,5,2,2,B
51,0,Sales,7,Male,4,Married,8254,No,4,3,12,5,2,B
18,0,Research,17,Male,2,Divorced,6815,No,3,1,2,1,0,B
44,0,HR,14,Male,2,Married,10715,No,4,1,4,2,2,B
37,0,Sales,14,Female,1,Single,2621,No,4,1,3,1,0,A
34,0,HR,10,Male,1,Married,6177,No,3,2,3,2,1,B
37,0,HR,10,Male,1,Married,10055,No,4,2,6,5,2,B
19,0,HR,4,Female,3,Divorced,7944,Yes,3,1,8,3,3,A
35,1,HR,15,Male,3,Married,8202,No,3,2,2,1,0,B
40,0,Sales,13,Female,1,Divorced,10932,No,4,3,5,3,2,A
50,1,Research,13,Female,2,Married,4875,No,4,3,6,2,1,A
32,0,Sales,5,Female,1,Single,4032,Yes,3,1,2,1,0,A
29,0,Sales,1,Male,3,Married,8803,No,4,3,4,2,0,B
32,0,Sales,18,Female,2,Divorced,5902,Yes,3,3,4,3,1,A
45,0,Research,6,Female,3,Married,10988,Yes,3,3,0,0,5,A
39,0,HR,3,Female,2,Married,7979,No,3,3,4,2,1,A
32,0,HR,15,Male,3,Single,4006,No,3,3,0,0,8,B
41,0,HR,6,Male,2,Divorced,7853,No,4,2,5,3,2,B
37,1,Research,18,Male,2,Single,2889,Yes,4,2,4,3,0,B
45,0,HR,14,Male,2,Married,10287,No,4,1,6,5,3,B
30,0,Research,15,Female,2,Single,1000,Yes,4,3,0,0,0,A
34,0,HR,1,Female,4,Married,11388,No,4,2,6,5,1,A
33,0,HR,19,Female,3,Married,7783,No,4,2,5,1,1,A
23,0,Sales,12,Male,3,Single,5841,No,3,2,8,2,1,B
39,0,Research,7,Female,4,Single,9553,No,4,3,0,0,0,A
39,0,Sales,11,Male,2,Married,8545,Yes,3,2,4,2,0,B
37,0,Sales,1,Male,2,Single,11821,No,3,1,0,0,1,B
34,0,Sales,13,Male,3,Single,11784,No,3,1,4,2,2,B
24,0,Research,1,Female,4,Married,7909,No,4,3,6,2,4,A
33,0,Research,1,Female,2,Divorced,3012,No,3,1,1,0,2,A
33,0,HR,1,Male,2,Single,4333,Yes,4,2,2,1,0,B
29,0,Sales,18,Female,2,Single,6213,No,3,3,3,2,1,A
35,1,HR,4,Male,1,Divorced,10826,No,4,1,0,0,1,B
40,0,Sales,22,Female,4,Single,4674,Yes,4,3,4,3,3,A
53,0,Research,5,Male,2,Married,5008,Yes,4,2,0,0,2,B
38,0,Research,1,Male,1,Single,13893,Yes,4,1,2,0,0,B
39,0,Research,1,Male,4,Married,6082,No,4,2,8,4,1,B
36,0,Sales,19,Female,2,Divorced,3961,No,3,1,3,2,2,A
19,1,Research,8,Female,3,Divorced,9606,Yes,4,3,1,0,1,A
36,0,Sales,5,Female,1,Divorced,6275,Yes,4,1,1,0,1,A
37,0,HR,11,Female,1,Single,1000,No,3,1,0,0,1,A
59,0,Sales,14,Female,2,Divorced,10663,No,4,1,4,3,2,A
35,0,HR,18,Male,2,Single,3511,No,4,3,1,0,1,B
39,0,Sales,21,Female,1,Single,6674,No,4,1,5,3,1,A
36,0,HR,7,Male,3,Single,6227,Yes,4,2,3,2,3,B
26,0,Research,1,Female,3,Divorced,7420,No,4,3,0,0,0,A
47,1,HR,6,Female,4,Divorced,1000,No,3,3,0,0,0,A
43,1,Research,12,Female,2,Single,5159,Yes,4,2,1,0,0,A
44,0,Research,2,Male,3,Divorced,10999,No,3,3,2,1,3,B
28,0,HR,2,Female,4,Single,11561,No,4,1,6,5,1,A
49,0,Sales,12,Male,3,Divorced,2534,No,3,3,4,2,0,B
24,0,Sales,9,Female,2,Married,10182,Yes,3,2,5,1,0,A
42,0,Sales,10,Male,4,Divorced,3454,No,3,3,2,0,3,B
56,0,Sales,3,Male,4,Divorced,5001,No,4,2,0,0,0,B
28,0,Sales,8,Male,4,Divorced,5212,No,4,3,4,2,0,B
31,0,Research,2,Male,3,Single,6935,No,3,2,3,2,1,B
37,0,Sales,17,Female,2,Single,10505,Yes,4,3,2,0,2,A
32,0,Research,18,Female,4,Married,7558,Yes,4,1,3,2,1,A
23,0,Research,1,Male,1,Married,5995,No,3,2,1,0,0,B
37,0,Research,2,Female,2,Married,10369,Yes,4,2,1,0,2,A
27,0,HR,1,Male,1,Single,3289,No,3,3,4,2,2,B
41,0,HR,4,Female,1,Married,6191,No,4,3,4,3,4,A
28,0,Research,9,Female,4,Married,10483,No,3,3,0,0,2,A
50,0,HR,1,Female,4,Divorced,8617,No,4,1,2,1,0,A
29,0,Sales,2,Male,3,Married,4634,No,4,3,2,1,4,B
34,0,Sales,1,Female,3,Divorced,1000,Yes,3,2,7,6,1,A
44,0,Research,11,Male,3,Single,7743,No,3,3,5,2,2,B
25,0,Sales,10,Female,2,Single,1000,No,4,1,5,2,4,A
39,0,Research,4,Male,3,Divorced,5649,No,3,3,2,1,1,B
48,0,Research,11,Female,1,Married,11215,No,3,3,1,0,1,A
22,0,Sales,5,Male,3,Single,8887,No,3,2,1,0,2,B
38,0,HR,7,Male,4,Divorced,1000,Yes,3,3,6,3,2,B
39,0,Sales,23,Male,3,Single,7301,Yes,3,1,1,0,3,B
44,0,Sales,20,Female,2,Single,5223,Yes,4,3,9,5,1,A
25,0,Research,1,Male,2,Married,1405,No,3,3,3,0,1,B
25,1,Research,16,Female,1,Single,7840,Yes,3,2,9,5,1,A
41,0,Research,16,Male,2,Divorced,4533,Yes,3,3,6,2,1,B
39,0,Research,1,Male,3,Married,4557,Yes,3,2,0,0,0,B
39,0,HR,16,Male,4,Divorced,6996,Yes,4,2,1,0,1,B
40,0,HR,22,Female,2,Divorced,3996,No,3,3,4,3,0,A
30,0,HR,1,Female,1,Divorced,6882,Yes,4,2,2,0,3,A
39,0,Research,2,Female,3,Married,4126,Yes,4,2,4,2,2,A
39,0,Research,18,Female,1,Single,4346,No,3,3,12,5,1,A
30,0,Research,12,Female,2,Divorced,10471,No,3,3,8,5,1,A
53,0,HR,14,Female,2,Single,10878,No,4,1,2,1,0,A
41,0,Research,12,Female,1,Single,1000,No,4,1,10,4,1,A
26,0,Sales,13,Male,3,Divorced,9488,Yes,4,2,2,1,3,B
42,0,Sales,1,Male,2,Single,12094,No,3,2,3,1,3,B
28,0,Research,18,Female,4,Married,12729,Yes,4,3,4,1,4,A
44,0,Sales,19,Female,2,Married,8581,No,3,1,3,2,3,A
47,0,Sales,8,Female,3,Single,2270,No,4,1,8,6,2,A
29,0,HR,9,Female,2,Single,9019,Yes,4,3,9,5,2,A
45,0,Research,1,Female,1,Married,3022,No,3,3,4,2,0,A
40,0,Research,14,Male,2,Single,5128,No,3,3,1,0,2,B
44,0,HR,14,Female,2,Single,8032,No,4,3,8,4,3,A
54,0,Sales,9,Female,3,Single,3280,No,3,1,8,4,1,A
34,1,Sales,18,Female,1,Single,1914,No,3,3,3,1,1,A
30,0,Research,7,Male,3,Divorced,8363,Yes,4,3,0,0,1,B
28,0,Sales,14,Male,2,Single,13968,Yes,3,1,0,0,1,B
29,0,HR,1,Male,4,Married,11472,No,3,3,1,0,1,B
36,0,HR,9,Male,2,Divorced,9328,No,4,1,3,1,2,B
40,0,Research,8,Female,3,Divorced,10416,No,4,1,8,4,0,A
39,0,HR,11,Male,4,Married,9050,No,3,3,6,3,0,B
44,0,HR,7,Male,3,Single,8299,No,3,3,6,4,2,B
37,0,Research,8,Male,3,Divorced,10094,No,3,2,4,2,2,B
50,1,HR,16,Male,1,Divorced,1026,No,4,2,4,3,0,B
34,0,HR,6,Male,4,Single,7297,No,4,1,3,2,1,B
61,0,HR,1,Female,2,Single,6176,No,3,1,1,0,5,A
42,0,Sales,23,Male,3,Married,6815,No,3,2,1,0,0,B
29,0,Research,21,Male,2,Divorced,4654,No,3,1,2,1,0,B
27,0,Research,1,Male,1,Single,8581,Yes,4,2,2,1,0,B
41,0,Research,15,Female,1,Single,3228,No,4,3,3,2,6,A
34,0,Sales,5,Female,4,Married,4364,No,3,3,7,2,0,A
43,0,Sales,12,Female,1,Divorced,3884,No,3,3,1,0,1,A
41,0,Research,12,Female,1,Single,9955,No,3,1,2,1,2,A
36,0,Sales,8,Female,2,Married,6453,No,3,3,5,4,2,A
29,1,Research,3,Female,1,Divorced,4656,Yes,4,1,5,2,1,A
23,0,Sales,4,Female,1,Divorced,5006,No,3,3,4,1,4,A
32,0,HR,2,Female,3,Divorced,6515,No,3,1,4,2,2,A
44,0,HR,3,Male,1,Divorced,12988,No,4,1,3,2,0,B
38,0,Research,9,Male,3,Married,1553,Yes,3,2,3,1,0,B
25,0,Sales,4,Female,1,Single,9202,No,3,2,10,8,1,A
38,0,Sales,15,Male,1,Divorced,8387,No,3,2,1,0,2,B
40,0,HR,21,Female,4,Divorced,2968,No,3,1,3,2,5,A
29,0,HR,5,Male,4,Single,12367,No,3,2,1,0,2,B
38,0,Sales,11,Male,3,Divorced,8657,No,3,2,5,2,1,B
37,0,Sales,13,Female,1,Divorced,4469,No,4,2,3,1,3,A
26,0,Sales,13,Male,2,Single,1000,No,3,1,2,1,3,B
40,0,Sales,10,Female,4,Single,7416,No,4,1,3,1,2,A
42,0,Sales,15,Female,2,Divorced,6321,Yes,4,2,5,4,0,A
46,0,Sales,13,Male,4,Single,2377,No,4,2,12,6,1,B
46,0,Research,1,Female,4,Married,2325,No,4,1,2,1,1,A
24,0,Sales,16,Male,1,Married,9974,No,3,1,5,4,2,B
28,0,HR,17,Male,4,Divorced,1000,No,3,2,2,0,0,B
41,1,Research,3,Female,2,Divorced,7757,Yes,3,2,8,7,1,A
41,0,Sales,10,Female,4,Single,5750,Yes,3,2,8,6,1,A
41,0,HR,15,Female,3,Single,8488,No,4,1,2,1,1,A
65,0,Research,8,Female,1,Divorced,5322,Yes,4,2,3,1,4,A
42,0,HR,18,Female,1,Divorced,7673,No,4,1,1,0,3,A
47,0,Sales,28,Male,3,Married,3528,No,3,3,6,3,3,B
45,0,Sales,3,Female,3,Single,6303,No,4,2,6,4,1,A
42,0,Sales,1,Male,3,Divorced,8456,Yes,3,3,3,1,1,B
34,0,Sales,12,Female,4,Divorced,7103,Yes,4,1,5,3,0,A
43,0,Research,15,Male,1,Single,8021,No,3,3,2,0,0,B
30,1,Research,8,Male,3,Single,2788,No,4,2,3,0,3,B
34,0,HR,21,Male,4,Divorced,4137,No,4,3,6,4,2,B
32,0,Sales,1,Male,3,Divorced,4206,No,3,3,1,0,0,B
37,0,HR,15,Male,2,Divorced,5394,No,4,3,4,2,1,B
57,0,Research,5,Female,2,Single,11934,No,4,1,2,0,0,A
20,0,Sales,23,Male,1,Divorced,5083,No,3,2,9,8,2,B
43,0,Sales,25,Female,4,Divorced,1925,No,4,1,3,2,0,A
22,1,Research,3,Male,2,Divorced,8666,Yes,4,3,3,1,1,B
32,0,Research,5,Female,2,Married,11886,Yes,4,3,3,1,5,A
46,0,Research,16,Male,4,Married,1455,No,4,1,1,0,0,B
37,0,Research,6,Male,3,Single,14391,No,3,1,1,0,2,B
27,0,Research,9,Female,4,Divorced,8160,No,3,3,7,5,1,A
30,0,Sales,10,Female,3,Divorced,10635,Yes,4,2,1,0,0,A
43,0,Research,1,Male,2,Single,12368,No,3,1,2,1,0,B
30,0,Sales,9,Male,2,Single,10390,Yes,4,3,3,1,2,B
38,0,Sales,4,Female,2,Single,6057,No,3,3,3,2,1,A
37,0,Research,6,Male,1,Divorced,11370,No,4,2,3,1,4,B
31,0,Research,21,Male,1,Married,7518,No,4,3,5,4,2,B
56,0,Sales,1,Female,1,Single,10861,No,3,1,7,2,0,A
42,0,Research,16,Male,4,Divorced,11299,No,4,3,3,1,3,B
18,0,Research,7,Male,2,Single,2136,No,4,3,0,0,3,B
38,0,Research,7,Female,2,Divorced,9677,No,4,3,4,1,2,A
31,0,HR,16,Male,4,Single,5772,No,4,3,3,2,2,B
44,0,Sales,12,Female,1,Divorced,7052,No,3,2,2,1,2,A
29,0,HR,14,Female,4,Single,7008,Yes,3,1,2,0,3,A
35,1,Research,17,Male,1,Married,6847,Yes,3,3,8,5,3,B
41,0,HR,7,Male,2,Single,12594,Yes,3,1,3,1,0,B
44,0,Research,5,Female,3,Single,1034,Yes,4,2,1,0,0,A
26,0,HR,1,Female,1,Married,1000,No,4,1,4,3,1,A
33,0,Research,3,Male,2,Single,1000,No,4,2,7,6,2,B
32,1,HR,30,Female,2,Married,10776,No,4,1,1,0,3,A
31,0,HR,19,Male,3,Divorced,3406,No,3,1,7,4,1,B
52,0,HR,1,Female,2,Married,7028,No,3,3,1,0,1,A
40,0,Sales,1,Female,2,Married,6041,No,3,1,3,2,1,A
25,0,HR,13,Female,1,Divorced,2954,No,4,3,5,4,1,A
45,0,Sales,14,Male,1,Married,9905,Yes,4,3,2,1,1,B
56,0,Research,14,Female,3,Married,5990,Yes,4,1,1,0,1,A
46,0,HR,7,Female,3,Divorced,5549,No,4,3,2,1,1,A
23,0,Research,8,Female,2,Single,7431,No,3,1,7,4,2,A
32,0,Research,12,Female,1,Single,9383,Yes,3,3,4,3,0,A
48,0,HR,10,Male,3,Married,2664,Yes,3,3,1,0,5,B
30,0,Sales,1,Female,3,Single,9991,No,4,2,9,5,2,A
40,0,HR,8,Male,4,Single,12299,Yes,3,2,2,1,4,B
43,0,Research,3,Female,3,Married,1000,No,4,1,4,1,0,A
28,0,Research,11,Female,2,Divorced,7613,No,3,3,5,2,1,A
36,1,HR,30,Male,1,Single,5280,No,3,2,5,4,0,B
18,0,Sales,12,Male,3,Married,9296,No,4,2,2,1,1,B
27,0,Sales,7,Female,4,Divorced,1633,No,4,2,4,3,1,A
34,0,Research,17,Female,1,Single,13015,No,4,3,4,1,2,A
25,0,Research,13,Female,3,Divorced,1000,No,3,1,3,2,0,A
51,0,Sales,13,Male,4,Married,5522,No,3,3,9,8,1,B
24,0,HR,14,Female,3,Divorced,8237,Yes,3,3,2,1,2,A
33,0,Research,26,Male,1,Divorced,3754,No,3,2,1,0,2,B
38,0,Sales,1,Female,1,Married,3126,No,4,3,4,2,1,A
49,0,Research,13,Male,1,Single,7388,No,3,3,4,2,5,B
24,0,HR,2,Male,2,Single,6811,No,4,2,5,2,1,B
47,0,Sales,14,Male,3,Divorced,6523,No,3,2,1,0,1,B
37,0,Research,2,Female,2,Divorced,9934,Yes,4,3,4,3,1,A
28,0,HR,6,Female,1,Divorced,4922,No,4,2,0,0,1,A
41,0,Research,7,Male,4,Divorced,7778,No,3,1,2,1,2,B
38,0,HR,17,Male,3,Single,4473,No,3,1,1,0,0,B
31,0,HR,17,Male,2,Married,3102,No,4,1,7,5,2,B
37,1,Sales,1,Female,3,Married,5360,Yes,3,1,1,0,1,A
33,1,HR,10,Female,4,Married,4504,No,4,1,4,1,1,A
38,0,Research,4,Female,2,Divorced,4704,Yes,3,2,0,0,0,A
42,0,HR,1,Male,1,Divorced,11161,No,3,2,1,0,1,B
51,0,HR,8,Female,2,Married,5483,No,3,1,2,1,2,A
25,0,Sales,7,Female,3,Single,3848,Yes,3,1,1,0,1,A
56,0,HR,29,Female,3,Married,6612,No,3,1,3,1,1,A
19,1,HR,13,Male,3,Single,6916,Yes,4,2,3,1,1,B
35,0,Research,1,Female,3,Divorced,1752,Yes,3,2,1,0,1,A
42,1,Sales,5,Female,1,Married,5306,No,4,3,3,1,0,A
39,0,Sales,18,Female,2,Married,5145,No,4,3,0,0,2,A
31,0,Sales,26,Female,1,Divorced,5811,No,4,3,10,3,1,A
35,0,HR,1,Female,1,Single,9402,No,3,3,7,6,2,A
32,0,Sales,1,Male,1,Married,7046,No,4,2,1,0,1,B
31,0,HR,24,Male,3,Married,11411,No,4,2,5,4,1,B
44,0,HR,13,Male,3,Single,6453,Yes,4,2,4,3,0,B
40,0,Research,3,Male,3,Married,13604,Yes,4,2,4,3,0,B
30,0,Research,14,Female,2,Married,4656,No,4,1,1,0,1,A
45,0,Research,1,Female,4,Divorced,3421,No,4,3,1,0,0,A
39,0,Research,10,Male,3,Single,8689,No,3,2,1,0,2,B
44,0,Research,12,Male,2,Married,11956,No,4,2,4,3,1,B
42,0,HR,17,Male,3,Married,1000,No,4,3,2,1,6,B
29,0,HR,1,Female,3,Divorced,5712,Yes,3,2,1,0,1,A
31,0,Sales,10,Female,1,Married,4056,Yes,4,1,6,4,2,A
43,0,HR,2,Female,1,Divorced,7071,No,3,2,1,0,0,A
42,0,HR,12,Male,1,Married,6540,No,3,3,4,3,3,B
36,0,Research,2,Male,2,Divorced,11881,No,4,1,1,0,3,B
38,0,HR,6,Male,4,Single,6066,Yes,4,1,1,0,3,B
48,0,Research,2,Female,4,Single,11999,No,3,3,7,4,5,A
31,0,Sales,15,Female,2,Married,5239,Yes,3,3,1,0,0,A
41,0,Sales,16,Male,3,Married,10205,Yes,3,1,7,2,2,B
35,0,HR,8,Male,2,Divorced,7414,No,3,2,3,1,0,B
35,0,Sales,10,Female,3,Divorced,13419,No,4,3,3,1,0,A
46,0,HR,1,Female,2,Single,1000,No,3,1,5,3,1,A
44,0,Sales,7,Male,2,Married,1844,Yes,3,3,5,1,1,B
44,0,Research,9,Male,2,Divorced,13826,No,3,2,4,3,1,B
48,0,Research,30,Female,4,Single,3566,No,4,2,2,1,0,A
37,0,Research,1,Male,1,Single,3820,No,3,1,4,3,1,B
43,0,Research,21,Male,2,Divorced,2997,No,3,2,5,2,1,B
34,0,HR,17,Female,4,Married,11093,Yes,4,2,0,0,0,A
39,0,Sales,12,Male,1,Single,1486,No,4,2,3,2,4,B
35,0,HR,24,Female,1,Divorced,6589,No,3,3,0,0,5,A
37,0,Research,12,Male,2,Single,5437,Yes,3,1,4,3,1,B
42,0,HR,13,Female,3,Married,10646,No,3,1,1,0,0,A
29,0,Sales,9,Male,3,Divorced,4245,Yes,4,1,4,3,1,B
55,0,HR,19,Male,3,Married,8161,No,4,2,3,1,3,B
27,0,Sales,18,Male,2,Married,1815,No,3,3,4,1,1,B
26,0,HR,4,Female,3,Single,15595,Yes,3,1,8,6,1,A
47,0,Sales,1,Male,4,Married,5541,No,3,3,1,0,2,B
44,0,Sales,8,Male,4,Single,6535,No,4,1,3,1,6,B
42,0,Research,3,Female,4,Divorced,13119,No,3,2,3,2,2,A
42,0,Sales,9,Male,4,Divorced,4153,No,3,1,1,0,1,B
36,0,Research,19,Female,1,Single,13169,No,4,1,5,3,4,A
28,0,Research,6,Female,4,Single,4854,No,3,2,7,6,2,A
37,0,Research,9,Female,3,Single,9186,No,4,2,3,1,5,A
30,1,HR,10,Male,2,Married,4209,Yes,4,1,8,3,0,B
45,0,HR,16,Female,3,Divorced,1075,No,3,3,4,1,0,A
35,0,HR,1,Male,4,Divorced,8158,No,4,2,3,1,0,B
29,0,HR,5,Female,1,Married,9059,No,4,1,5,1,3,A
34,0,Sales,11,Male,4,Single,1236,No,3,2,3,1,2,B
40,0,Sales,19,Female,2,Divorced,5271,No,4,3,2,1,1,A
31,0,HR,6,Female,3,Married,11303,No,4,1,4,2,2,A
29,0,Sales,1,Male,2,Single,8900,No,3,1,10,7,3,B
39,0,Sales,14,Female,2,Divorced,4919,No,3,3,1,0,1,A
39,0,Research,4,Male,2,Single,4109,No,3,3,1,0,2,B
32,0,Research,1,Female,3,Married,14292,No,3,1,4,2,1,A
32,0,Research,5,Male,4,Divorced,1000,No,3,3,0,0,0,B
39,0,Research,8,Female,2,Single,6263,No,4,3,2,1,1,A
23,0,Sales,5,Female,3,Single,1000,Yes,4,1,3,1,0,A
24,0,HR,1,Male,1,Single,11759,No,4,2,2,0,1,B
30,0,Sales,17,Female,3,Married,6471,No,4,3,7,6,1,A
35,0,Sales,20,Male,1,Single,7212,Yes,4,2,7,3,0,B
39,0,Sales,15,Male,3,Divorced,17575,Yes,3,2,9,4,2,B
50,0,Research,1,Female,4,Divorced,4126,No,3,2,3,2,1,A
44,0,Research,8,Female,2,Single,13494,No,3,3,3,2,2,A
35,0,Research,9,Female,4,Married,4937,No,3,1,2,1,1,A
36,1,HR,14,Male,3,Divorced,5565,Yes,4,1,6,3,1,B
27,1,Sales,15,Male,2,Divorced,17052,Yes,3,1,0,0,0,B
36,0,HR,4,Female,1,Divorced,5855,No,3,1,2,1,1,A
34,0,Research,10,Male,3,Single,1002,No,4,1,6,2,1,B
39,0,HR,13,Female,2,Divorced,7627,Yes,4,1,2,1,2,A
29,1,Sales,21,Female,1,Single,5809,No,3,2,2,1,2,A
41,0,Sales,15,Female,1,Single,7968,No,4,2,1,0,0,A
50,0,Research,16,Male,4,Single,5965,Yes,4,2,1,0,3,B
36,0,Research,10,Male,3,Single,15362,Yes,3,3,2,1,2,B
40,0,HR,21,Female,1,Single,8726,Yes,4,3,4,1,1,A
43,0,Research,13,Male,2,Divorced,2200,No,3,3,3,2,2,B
33,0,Research,3,Female,1,Single,6998,No,4,1,7,3,2,A
39,0,Sales,21,Female,1,Single,3301,No,4,2,0,0,5,A
37,0,Research,15,Male,4,Single,5509,No,4,3,2,1,1,B
37,0,Research,6,Female,4,Single,2858,No,4,2,1,0,1,A
30,0,Sales,6,Female,2,Single,14928,No,3,1,1,0,0,A
37,0,Sales,12,Female,4,Single,3734,No,4,2,2,1,0,A
41,0,HR,13,Female,1,Divorced,9250,Yes,3,1,4,2,2,A
50,0,Research,11,Female,1,Single,5206,No,3,3,4,1,5,A
45,0,Sales,12,Male,4,Single,1866,No,4,1,4,1,1,B
56,0,HR,23,Male,1,Divorced,7290,No,4,1,5,3,3,B
30,1,HR,18,Female,1,Divorced,8102,No,3,2,6,5,1,A
44,0,Research,11,Male,2,Married,8734,Yes,4,1,4,3,3,B
38,0,Research,17,Female,4,Divorced,1000,No,4,3,5,3,2,A
56,0,HR,1,Female,1,Divorced,1560,No,3,3,2,1,1,A
29,0,Sales,13,Female,4,Single,10330,No,4,1,1,0,1,A
29,0,HR,24,Female,2,Married,2805,No,3,2,1,0,1,A
31,0,Research,8,Male,4,Single,7311,No,4,3,7,4,3,B
18,0,Sales,3,Male,1,Married,1467,No,4,3,1,0,0,B
32,0,Sales,4,Female,4,Single,9426,No,4,1,2,1,1,A
30,0,HR,1,Male,1,Divorced,10225,No,4,1,1,0,1,B
38,0,Research,3,Female,1,Divorced,9427,No,4,3,5,3,2,A
40,0,HR,7,Male,1,Married,10630,No,4,1,3,2,1,B
53,0,HR,1,Female,2,Single,12755,No,3,1,2,0,1,A
45,0,HR,10,Female,4,Single,1803,No,3,3,0,0,2,A
31,0,Sales,17,Female,2,Divorced,3345,Yes,4,2,3,2,3,A
28,0,Sales,2,Male,4,Divorced,10090,Yes,4,2,6,5,2,B
41,0,Research,22,Male,2,Married,11020,No,3,3,4,2,1,B
25,0,Research,14,Female,3,Divorced,3802,No,3,1,2,1,1,A
53,0,HR,18,Male,1,Married,3524,No,3,3,1,0,0,B
47,0,HR,4,Male,1,Married,3891,No,4,3,3,1,2,B
32,0,HR,16,Male,2,Married,1000,Yes,4,1,0,0,0,B
21,0,Research,1,Male,3,Married,1414,No,4,2,4,3,1,B
49,0,Sales,17,Male,1,Divorced,1510,No,3,2,1,0,1,B
35,0,Sales,11,Male,4,Married,5323,No,3,1,1,0,1,B
48,0,HR,14,Male,2,Divorced,7583,No,4,3,1,0,0,B
22,0,HR,1,Male,1,Married,8233,No,3,1,5,2,0,B
31,0,HR,2,Male,1,Divorced,4465,Yes,4,3,1,0,0,B
37,0,HR,14,Male,2,Married,4564,No,4,1,1,0,4,B
37,0,Research,2,Male,2,Divorced,6994,Yes,3,1,7,3,1,B
32,0,Sales,13,Male,4,Single,1000,No,4,2,4,3,1,B
42,0,HR,1,Male,4,Married,10337,No,3,2,3,2,5,B
27,0,Research,16,Female,1,Married,11641,No,3,1,3,2,0,A
35,0,HR,1,Female,1,Single,3997,No,4,1,0,0,2,A
38,0,HR,14,Male,2,Single,4906,No,4,2,3,2,1,B
41,0,Sales,15,Male,1,Married,11473,No,3,3,7,2,0,B
43,1,HR,4,Male,1,Divorced,6007,Yes,4,2,1,0,1,B
26,0,Sales,14,Female,2,Married,8852,No,3,3,0,0,5,A
23,0,Sales,12,Female,1,Divorced,6130,No,4,2,0,0,2,A
48,0,Sales,5,Male,1,Single,12725,No,3,2,1,0,2,B
39,0,Research,1,Male,3,Divorced,8460,No,3,3,0,0,0,B
30,0,Research,1,Male,4,Married,8690,Yes,4,1,3,2,0,B
50,0,Sales,12,Male,2,Single,8765,Yes,4,2,4,2,0,B
38,0,HR,1,Male,3,Single,4279,No,3,2,4,2,1,B
47,0,Sales,10,Female,4,Married,4647,No,3,2,2,1,1,A
37,0,HR,7,Male,4,Married,9576,No,3,1,6,3,0,B
55,0,Sales,15,Female,4,Single,7005,No,3,2,0,0,3,A
52,0,HR,7,Male,3,Divorced,1789,Yes,4,1,1,0,0,B
34,0,Research,7,Male,3,Divorced,13992,No,4,2,2,1,0,B
45,0,HR,15,Female,4,Divorced,10412,Yes,4,3,4,2,1,A
42,1,Sales,12,Female,1,Married,6650,No,3,2,0,0,0,A
49,1,Research,12,Male,1,Single,5405,Yes,4,2,3,1,1,B
28,1,HR,13,Female,3,Divorced,7294,No,3,1,5,3,0,A
43,0,HR,1,Male,3,Single,8570,Yes,3,1,5,4,2,B
46,0,HR,16,Female,3,Divorced,1000,No,4,1,2,1,0,A
21,0,HR,14,Female,4,Single,14949,No,4,3,4,1,0,A
26,0,HR,1,Male,1,Married,3340,No,3,3,2,1,0,B
18,0,Research,8,Male,3,Married,6492,No,3,1,2,1,3,B
34,0,Research,9,Female,3,Married,6639,No,4,3,2,0,2,A
43,0,Research,8,Male,2,Divorced,14487,Yes,3,1,8,6,0,B
50,0,Research,12,Female,4,Married,6147,No,4,3,8,3,1,A
37,0,Sales,21,Female,2,Married,12854,No,4,1,5,2,1,A
51,0,Research,18,Male,1,Married,8126,Yes,3,1,1,0,0,B
24,1,HR,1,Female,2,Single,2652,Yes,3,3,5,3,0,A
21,0,HR,14,Male,2,Single,7038,No,3,2,2,1,1,B
36,0,Research,20,Male,2,Single,6025,No,3,1,4,3,0,B
40,0,HR,13,Female,4,Single,2163,No,3,1,1,0,1,A
36,0,Research,18,Male,1,Single,7930,No,4,2,5,3,2,B
18,0,HR,26,Female,2,Single,6588,Yes,4,1,5,2,1,A
36,1,Sales,18,Female,4,Single,8725,Yes,4,1,3,1,2,A
25,0,Sales,11,Male,1,Married,7273,No,4,3,4,1,2,B
43,1,Research,18,Male,3,Married,3895,Yes,3,2,1,0,3,B
40,0,Research,11,Female,2,Divorced,9573,No,4,1,4,2,0,A
28,0,Research,10,Male,1,Married,4002,No,3,1,1,0,1,B
32,0,HR,7,Female,2,Single,1000,Yes,3,2,7,6,0,A
27,0,Research,22,Female,3,Single,7014,No,3,2,2,1,0,A
36,1,Sales,3,Female,1,Divorced,4283,Yes,3,3,0,0,1,A
45,0,HR,22,Female,4,Married,8028,No,3,3,7,5,3,A
28,0,Research,13,Female,1,Married,14495,Yes,4,3,3,1,1,A
41,0,HR,1,Male,4,Divorced,14610,No,3,1,5,2,2,B
32,0,HR,12,Female,1,Single,5839,No,3,2,3,1,3,A
29,1,Research,1,Female,4,Single,3193,No,4,3,0,0,1,A
36,0,HR,15,Female,3,Single,8838,No,4,2,2,1,3,A
27,0,Sales,17,Female,3,Single,5019,Yes,4,1,3,2,3,A
32,0,Sales,5,Female,3,Divorced,8067,No,3,1,5,2,2,A
26,1,HR,10,Female,1,Married,3856,No,3,2,3,1,0,A
54,0,Research,25,Male,3,Single,7502,No,3,2,2,0,0,B
37,0,HR,5,Male,2,Married,3252,Yes,3,3,2,0,0,B
30,0,Sales,1,Female,3,Married,11237,No,4,2,4,1,1,A
38,0,HR,21,Female,4,Single,4140,Yes,4,3,5,4,1,A
35,0,HR,25,Female,4,Single,9144,No,4,2,1,0,2,A
35,0,Sales,10,Male,4,Single,1440,Yes,4,2,3,2,0,B
42,1,HR,18,Female,1,Married,9624,No,4,2,5,2,2,A
43,0,HR,20,Female,2,Divorced,2634,Yes,4,1,8,2,4,A
32,0,Research,4,Female,3,Single,7544,No,3,1,7,6,1,A
31,0,Research,6,Female,2,Married,10592,No,3,1,1,0,1,A
34,0,Sales,19,Female,2,Married,5700,Yes,4,3,3,1,4,A
18,0,Sales,23,Female,4,Single,2383,No,4,3,1,0,2,A
23,0,Sales,14,Male,4,Divorced,8487,Yes,4,1,7,2,0,B
49,0,Research,2,Female,4,Single,3136,No,4,1,3,1,5,A
51,0,Sales,25,Female,1,Single,4883,No,3,2,5,4,1,A
34,0,Sales,5,Female,2,Divorced,7561,No,3,2,1,0,0,A
42,0,Sales,7,Female,2,Single,11942,No,3,3,2,1,0,A
39,0,Research,12,Female,1,Single,6606,No,4,3,4,1,0,A
64,0,HR,22,Female,1,Divorced,6591,No,4,2,6,5,1,A
47,1,Sales,16,Female,1,Married,9450,Yes,4,3,0,0,0,A
35,0,HR,13,Female,2,Married,6701,No,3,1,6,2,0,A
28,0,Sales,13,Female,2,Married,9042,No,3,2,3,1,3,A
22,0,HR,10,Male,4,Married,10814,No,3,2,0,0,1,B
38,0,Research,14,Male,4,Married,5189,Yes,4,3,5,1,0,B
30,0,Research,1,Male,2,Single,1000,No,3,2,5,4,2,B
24,1,Sales,7,Female,4,Divorced,3228,No,3,2,3,2,0,A
31,0,HR,11,Male,1,Married,11334,Yes,4,1,2,1,1,B
27,0,Research,1,Male,3,Divorced,6364,No,3,2,1,0,1,B
52,0,Sales,13,Male,4,Married,5143,No,4,2,4,3,6,B
44,0,Sales,8,Male,2,Single,11167,No,4,2,1,0,3,B
36,0,Research,24,Female,4,Married,6094,No,4,2,7,2,1,A
50,0,Research,22,Male,4,Married,1000,No,3,1,1,0,2,B
37,0,Sales,6,Male,4,Divorced,1000,Yes,3,2,5,3,0,B
29,0,HR,8,Female,3,Divorced,8174,No,4,1,5,3,1,A
50,0,HR,9,Male,1,Single,6232,Yes,3,1,4,2,0,B
41,0,HR,6,Female,2,Divorced,12318,No,4,1,6,4,1,A
27,0,Sales,11,Male,3,Divorced,3566,No,3,3,1,0,0,B
35,0,Research,3,Male,2,Divorced,5261,No,4,3,5,4,2,B
29,0,Sales,1,Male,2,Single,2961,No,4,2,5,2,2,B
24,0,Research,14,Female,2,Single,4417,Yes,3,1,5,2,3,A
45,1,HR,15,Male,3,Single,1000,No,4,3,4,2,1,B
54,0,HR,3,Male,1,Divorced,4957,No,4,2,1,0,2,B
24,0,Research,17,Female,2,Divorced,6292,Yes,4,3,2,1,5,A
42,0,Research,4,Male,1,Single,5954,No,4,1,6,3,1,B
31,1,Sales,12,Male,1,Divorced,15098,No,4,2,2,0,0,B
32,0,HR,16,Male,4,Divorced,13833,No,3,1,1,0,2,B
31,0,Sales,9,Male,3,Married,3496,Yes,3,1,10,7,1,B
29,0,Sales,13,Male,3,Single,1000,No,4,3,0,0,0,B
37,0,Sales,5,Female,4,Single,6103,Yes,3,2,2,1,0,A
29,0,HR,8,Female,4,Divorced,8006,Yes,4,2,4,1,0,A
39,0,Sales,8,Female,1,Divorced,3058,Yes,4,2,11,6,0,A
36,0,Sales,4,Male,2,Married,3256,Yes,4,3,2,1,2,B
34,0,Sales,8,Male,3,Single,12830,Yes,4,2,2,1,2,B
28,0,Sales,1,Male,2,Single,5469,No,4,3,3,2,0,B
31,0,Sales,6,Male,2,Divorced,9149,No,3,2,1,0,6,B
43,0,Sales,7,Male,4,Single,2778,Yes,3,3,1,0,1,B
41,0,HR,7,Female,2,Divorced,6272,Yes,3,2,5,4,2,A
28,0,Sales,8,Female,1,Married,5154,No,3,3,3,1,2,A
37,0,Research,9,Female,4,Divorced,3798,No,3,1,0,0,0,A
43,0,Sales,13,Male,2,Married,11121,Yes,3,1,1,0,3,B
21,1,Sales,16,Female,4,Divorced,1000,Yes,4,1,8,2,0,A
41,0,HR,4,Female,1,Married,7700,Yes,3,2,6,3,0,A
31,0,HR,1,Female,1,Married,5079,Yes,4,3,1,0,0,A
42,0,Research,1,Female,2,Single,8159,Yes,4,1,4,3,1,A
30,0,Research,6,Male,4,Divorced,5133,No,3,2,0,0,0,B
20,0,HR,7,Male,2,Single,9968,Yes,3,3,2,1,0,B
22,0,HR,3,Female,2,Single,2741,No,4,1,15,8,4,A
37,0,Sales,1,Female,4,Divorced,11130,Yes,4,1,3,2,3,A
39,0,HR,6,Female,2,Single,6384,No,4,2,2,1,0,A
28,0,Research,11,Female,1,Single,1185,No,4,3,3,1,0,A
42,0,Sales,14,Female,4,Single,9220,No,4,2,1,0,1,A
22,0,Research,5,Female,4,Divorced,5704,No,3,1,1,0,2,A
36,0,Sales,6,Female,4,Single,1000,No,3,2,7,3,1,A
26,0,HR,2,Female,4,Single,7829,No,4,2,0,0,1,A
31,0,Research,9,Female,2,Single,10526,No,4,1,4,1,3,A
37,1,Sales,3,Male,2,Divorced,11628,No,4,1,2,1,0,B
29,0,Sales,14,Female,1,Married,4986,No,4,3,7,3,1,A
33,1,HR,1,Male,3,Married,7081,No,4,3,2,1,2,B
46,0,HR,7,Male,3,Married,6702,No,4,1,3,1,2,B
31,0,HR,12,Female,1,Married,12459,No,4,1,2,1,2,A
44,0,Research,11,Female,3,Single,3258,Yes,4,3,4,3,2,A
26,1,Sales,30,Male,1,Divorced,4641,Yes,3,2,1,0,1,B
41,1,HR,12,Male,2,Single,3161,No,4,1,2,1,1,B
49,0,Research,1,Female,4,Divorced,1000,Yes,4,1,6,5,3,A
18,0,Research,9,Male,4,Single,7491,No,3,2,5,4,2,B
29,0,Research,1,Female,2,Married,12905,Yes,4,3,3,1,0,A
42,0,HR,9,Female,4,Married,5706,No,4,3,3,2,1,A
35,0,HR,3,Male,4,Divorced,2972,No,4,2,2,1,0,B
40,0,Sales,17,Female,3,Single,7247,No,4,1,2,1,1,A
31,0,Sales,5,Male,2,Married,8856,No,3,2,3,1,0,B
37,0,HR,9,Female,3,Divorced,5874,No,4,1,5,3,3,A
35,0,Research,4,Female,3,Single,12114,No,4,3,3,1,7,A
47,0,Research,23,Male,4,Divorced,3250,No,4,1,5,2,0,B
39,0,Research,7,Male,4,Single,5352,Yes,3,1,4,3,1,B
40,0,Sales,24,Female,2,Single,7683,No,4,1,0,0,1,A
33,0,Research,16,Female,4,Single,8071,No,4,1,2,1,0,A
32,0,Sales,13,Male,4,Divorced,6688,No,3,1,2,1,0,B
33,0,Sales,12,Female,2,Divorced,1386,No,3,3,1,0,5,A
40,0,Research,13,Male,4,Single,15852,No,3,2,4,1,1,B
33,0,Research,1,Male,3,Married,5556,Yes,3,3,5,3,1,B
39,0,HR,7,Male,2,Single,6941,Yes,4,1,3,1,0,B
55,0,HR,16,Female,4,Divorced,8967,No,3,2,1,0,2,A
44,0,Research,9,Male,1,Single,3953,No,3,1,1,0,1,B
34,0,Sales,1,Female,2,Divorced,6727,No,3,3,1,0,0,A
47,0,Sales,9,Male,2,Single,3791,No,4,3,2,0,2,B
33,0,Sales,23,Female,1,Single,8162,No,3,1,2,1,1,A
18,0,Sales,19,Female,4,Married,5395,No,4,1,3,1,0,A
27,0,Sales,9,Male,4,Married,7574,No,4,2,8,2,2,B
20,0,HR,17,Male,2,Divorced,2313,Yes,3,2,4,1,1,B
33,1,Research,7,Male,2,Single,3184,Yes,4,1,6,2,2,B
37,0,HR,1,Female,4,Divorced,1039,Yes,3,2,1,0,1,A
52,0,Sales,2,Female,4,Single,3657,Yes,3,1,2,1,7,A
39,0,Sales,22,Female,3,Single,1000,Yes,4,1,3,1,0,A
35,0,Sales,7,Male,2,Single,5271,Yes,4,1,4,3,7,B
44,0,Sales,8,Male,2,Married,4363,No,4,3,2,0,1,B
18,0,Research,7,Male,1,Divorced,7103,No,4,1,3,1,0,B
39,0,Sales,25,Male,3,Single,6678,No,3,1,7,5,1,B
43,0,Research,23,Male,4,Single,11528,Yes,4,1,2,1,3,B
23,0,Sales,27,Female,3,Divorced,16877,No,4,2,2,1,2,A
47,0,Research,8,Male,4,Divorced,11050,No,4,1,1,0,0,B
40,0,HR,12,Female,4,Single,4687,Yes,4,3,7,3,0,A
33,0,Sales,1,Male,3,Married,4526,No,3,3,0,0,0,B
42,0,Research,21,Male,2,Married,9974,Yes,3,1,3,2,0,B
57,0,HR,1,Male,4,Single,1000,No,4,1,3,1,0,B
38,0,Sales,11,Male,3,Married,5239,No,4,1,1,0,1,B
39,0,Sales,1,Male,1,Divorced,5547,No,3,3,1,0,0,B
32,0,Sales,5,Female,3,Married,8836,No,3,2,2,1,1,A
29,0,Research,3,Male,1,Divorced,8955,No,3,2,1,0,2,B
44,0,Research,5,Female,4,Divorced,3521,No,3,1,1,0,3,A
29,0,HR,5,Female,3,Divorced,4842,No,4,2,3,1,1,A
37,0,Research,5,Female,3,Divorced,8280,Yes,4,3,1,0,4,A
32,0,Research,16,Female,1,Married,3304,Yes,3,1,3,1,1,A
41,0,Sales,1,Male,3,Divorced,11324,No,3,2,4,2,0,B
40,0,Sales,11,Male,3,Single,8936,No,4,1,2,1,1,B
46,0,Sales,19,Male,4,Divorced,7186,No,4,1,3,2,0,B
32,0,Sales,5,Male,3,Single,8063,Yes,3,3,7,5,1,B
34,0,Sales,4,Male,2,Divorced,4632,No,4,3,4,3,0,B
28,0,Sales,8,Female,1,Divorced,3994,Yes,3,2,1,0,3,A
33,0,Sales,19,Male,3,Married,4801,No,4,3,5,2,2,B
40,0,HR,11,Male,1,Divorced,8499,No,4,1,9,5,1,B
43,0,HR,5,Female,1,Divorced,7304,No,3,3,5,4,7,A
28,0,HR,13,Male,1,Married,4809,Yes,4,2,3,1,5,B
44,0,HR,1,Male,3,Married,9498,No,3,2,4,3,2,B
49,0,Sales,15,Female,3,Single,5804,No,4,2,4,3,1,A
40,0,HR,13,Male,1,Married,3726,No,3,3,5,1,1,B
53,0,Sales,7,Female,2,Single,7517,No,3,3,2,0,1,A
30,1,HR,3,Female,1,Divorced,2447,No,3,3,0,0,0,A
25,0,Research,2,Male,2,Single,1000,No,4,3,2,1,0,B
20,0,HR,14,Female,1,Married,6479,No,3,3,3,1,1,A
50,0,HR,19,Male,4,Divorced,3870,Yes,3,2,6,5,3,B
42,0,Sales,4,Male,1,Single,5483,No,4,2,5,1,1,B
36,0,HR,13,Male,1,Single,2633,No,4,3,2,1,0,B
39,0,Research,1,Female,3,Single,11335,Yes,3,1,3,1,1,A
26,1,Sales,5,Female,2,Divorced,3854,Yes,3,2,0,0,0,A
59,0,Sales,9,Female,4,Single,4772,No,4,1,3,2,4,A
38,0,HR,2,Female,2,Single,8011,Yes,4,1,1,0,0,A
37,0,Sales,2,Female,4,Married,1000,No,4,2,9,8,1,A
43,0,Sales,4,Female,1,Single,1000,Yes,3,1,1,0,0,A
41,0,Sales,12,Female,3,Divorced,8023,No,4,1,0,0,1,A
39,0,Sales,8,Female,3,Married,4720,No,3,2,2,0,1,A
29,0,Sales,1,Female,2,Divorced,2894,No,3,2,6,2,2,A
41,0,Sales,1,Female,3,Married,8913,No,3,3,3,2,1,A
53,0,Research,5,Female,2,Married,3252,No,4,2,4,1,1,A
49,0,HR,13,Male,2,Single,5401,No,4,1,1,0,3,B
51,0,Research,1,Female,4,Divorced,2915,Yes,4,2,2,1,3,A
32,0,Sales,6,Male,2,Single,7713,Yes,3,3,4,2,6,B
28,0,Sales,5,Male,4,Married,11828,Yes,3,2,1,0,0,B
35,0,HR,21,Male,3,Single,1000,No,4,1,4,2,6,B
37,0,Research,6,Male,2,Married,6950,Yes,4,2,2,1,1,B
46,0,HR,13,Female,2,Married,9926,Yes,3,1,1,0,4,A
21,0,Research,11,Male,1,Divorced,4814,No,3,2,4,1,2,B
50,0,Sales,1,Male,2,Divorced,1975,No,3,3,2,1,1,B
35,0,HR,16,Male,2,Divorced,8183,No,3,3,3,2,5,B
33,0,HR,11,Female,1,Divorced,10506,Yes,4,2,3,1,4,A
27,0,Sales,14,Male,1,Single,10062,Yes,3,1,5,2,0,B
22,0,HR,30,Male,3,Divorced,7963,No,3,3,3,1,1,B
44,0,Research,1,Female,2,Divorced,6891,Yes,4,1,4,1,2,A
37,0,Research,23,Female,3,Divorced,2903,No,4,2,0,0,0,A
25,0,Research,7,Female,3,Married,9960,No,4,3,9,4,1,A
25,0,Research,12,Female,1,Married,9739,No,4,3,4,3,3,A
33,0,Sales,9,Female,4,Divorced,1947,Yes,3,1,3,2,1,A
52,0,HR,6,Female,3,Married,7957,No,3,3,0,0,1,A
34,0,Research,5,Female,4,Married,9111,No,3,1,7,3,3,A
23,0,Sales,12,Female,2,Single,10028,No,3,1,2,0,2,A
34,0,HR,1,Female,1,Married,6200,No,3,2,5,1,1,A
34,1,HR,16,Male,2,Single,3069,Yes,4,1,2,0,4,B
18,0,Sales,6,Female,2,Married,4491,Yes,4,3,2,1,1,A
36,0,Sales,1,Male,1,Divorced,2471,No,3,1,0,0,1,B
34,0,Research,6,Male,2,Married,6295,No,4,3,4,2,4,B
43,0,HR,20,Female,1,Married,5512,No,3,1,2,1,2,A
53,0,HR,5,Female,4,Single,15080,No,3,2,6,3,0,A
47,1,Sales,12,Female,2,Divorced,10078,No,3,2,3,2,0,A
34,0,HR,4,Female,1,Single,10378,No,3,1,6,5,0,A
27,0,Research,16,Male,3,Divorced,8385,No,3,1,6,2,3,B
60,0,HR,15,Male,2,Divorced,5030,Yes,4,1,3,2,3,B
37,0,Sales,24,Female,4,Single,5398,No,4,2,2,1,1,A
37,0,Sales,8,Male,1,Married,5764,Yes,3,1,0,0,0,B
36,0,Research,15,Female,2,Divorced,7252,No,3,1,1,0,1,A
38,0,Research,10,Male,2,Married,8056,No,4,3,11,6,4,B
35,0,HR,20,Male,2,Single,6502,No,3,2,2,0,1,B
31,0,HR,4,Female,4,Single,5337,Yes,3,2,0,0,1,A
32,0,Sales,15,Female,1,Single,4123,No,3,1,0,0,0,A
36,0,Research,8,Male,3,Single,1000,Yes,4,1,2,1,3,B
32,0,Research,9,Female,3,Divorced,11633,No,3,3,1,0,0,A
30,0,Research,10,Male,3,Single,15322,Yes,3,1,3,1,2,B
37,0,HR,12,Female,1,Married,11297,No,4,2,1,0,1,A
34,0,Research,9,Female,3,Married,1463,No,3,3,2,1,2,A
50,0,Sales,11,Female,4,Divorced,9648,No,3,2,10,4,2,A
18,0,Sales,22,Female,1,Single,10595,No,4,1,2,0,1,A
46,0,HR,17,Female,2,Divorced,4886,Yes,4,3,2,0,1,A
48,0,HR,16,Female,4,Divorced,8455,Yes,3,2,2,1,2,A
18,0,Research,6,Female,2,Divorced,4674,No,4,2,3,2,1,A
33,0,HR,2,Male,3,Single,12615,No,3,2,4,2,0,B
33,0,Sales,17,Female,4,Married,7961,Yes,3,1,3,1,3,A
24,0,Research,17,Male,1,Married,2831,No,4,1,3,2,3,B
29,0,Sales,21,Female,4,Divorced,9179,No,3,1,2,1,0,A
27,0,Research,5,Male,2,Divorced,10735,Yes,4,1,5,4,0,B
52,1,HR,8,Female,1,Married,7292,Yes,4,2,1,0,0,A
45,0,Research,1,Female,4,Married,8417,Yes,4,3,2,0,2,A
48,0,Research,6,Male,4,Single,6220,No,3,1,0,0,1,B
43,0,Sales,17,Female,4,Divorced,1962,No,4,3,4,1,1,A
26,1,Sales,6,Female,4,Single,5893,No,3,2,5,4,0,A
32,0,Research,15,Female,1,Married,8592,No,4,1,1,0,1,A
41,1,HR,8,Female,2,Married,5987,Yes,4,2,4,3,2,A
26,0,HR,12,Female,4,Married,9703,No,3,1,0,0,0,A
43,0,Sales,1,Male,1,Married,4931,No,3,1,1,0,2,B
34,0,HR,10,Female,2,Single,5193,Yes,4,3,1,0,1,A
33,0,Sales,1,Male,4,Married,9824,No,3,2,3,1,4,B
43,0,HR,8,Male,2,Divorced,7387,No,3,2,2,1,2,B
40,0,Research,1,Male,2,Married,4853,No,4,2,0,0,0,B
33,0,Sales,19,Male,1,Divorced,10635,No,4,3,13,12,0,B
47,1,Sales,16,Male,2,Married,3745,Yes,3,3,2,1,1,B
27,0,Research,13,Male,1,Single,3592,Yes,4,2,2,1,1,B
42,0,Sales,22,Male,4,Divorced,1000,No,4,2,6,5,2,B
42,0,HR,2,Male,2,Single,4284,Yes,4,1,1,0,0,B
34,0,HR,23,Female,2,Married,11734,No,3,1,2,1,2,A
39,0,Sales,17,Male,3,Single,1000,No,3,3,6,5,1,B
25,0,HR,8,Female,4,Married,2692,No,3,1,2,0,4,A
45,0,Sales,19,Male,4,Single,8256,No,4,2,0,0,1,B
35,0,Research,1,Male,3,Single,1000,No,3,2,6,4,0,B
32,0,Sales,3,Female,3,Divorced,4457,No,4,1,3,1,0,A
46,0,Research,5,Male,1,Married,11063,No,4,1,3,1,2,B
30,0,HR,5,Female,1,Single,14672,Yes,4,3,7,3,0,A
24,0,Research,1,Male,2,Married,7660,Yes,4,1,3,1,6,B
22,0,HR,19,Female,2,Divorced,2794,No,3,3,1,0,1,A
42,0,Sales,7,Female,2,Single,2659,Yes,4,1,5,3,4,A
25,0,HR,12,Male,2,Married,7079,Yes,4,1,2,1,0,B
52,0,Sales,5,Male,1,Single,7623,Yes,3,1,2,1,0,B
18,0,Sales,1,Male,4,Single,13931,No,4,1,10,4,0,B
52,0,Research,12,Male,2,Single,10383,No,3,2,4,1,2,B
38,0,Research,1,Female,4,Single,6836,Yes,3,2,3,1,1,A
36,0,Research,9,Female,2,Divorced,5159,No,3,2,8,7,1,A
32,0,Research,1,Female,3,Divorced,18558,No,4,1,1,0,2,A
40,0,HR,25,Female,2,Married,9006,Yes,3,3,3,1,1,A
36,0,HR,17,Female,2,Married,3824,No,4,1,2,1,0,A
46,0,HR,10,Female,2,Single,5601,No,3,2,1,0,5,A
38,0,Sales,20,Female,1,Single,2990,No,3,3,4,1,0,A
38,0,HR,3,Male,3,Single,1000,No,3,3,2,0,2,B
33,1,HR,14,Male,2,Divorced,7750,Yes,3,2,3,2,1,B
36,0,HR,11,Male,2,Single,13629,No,4,1,2,1,1,B
39,0,Research,12,Male,4,Married,1000,Yes,4,3,2,0,3,B
21,0,HR,20,Male,3,Single,6721,No,3,3,1,0,0,B
24,0,Sales,15,Male,2,Divorced,3672,No,3,2,10,8,0,B
43,0,Research,12,Male,4,Single,8586,No,3,3,1,0,3,B
38,0,Sales,1,Male,4,Divorced,5810,Yes,4,3,2,1,2,B
35,0,HR,2,Female,1,Divorced,1059,No,3,3,5,3,4,A
37,0,Research,9,Male,4,Divorced,2575,No,3,1,2,1,1,B
40,1,Sales,10,Male,2,Divorced,3178,No,4,1,3,1,1,B
32,0,HR,1,Male,1,Married,11877,No,3,2,5,2,3,B
29,0,Sales,29,Female,1,Divorced,11673,No,3,1,3,2,3,A
38,0,Sales,22,Male,2,Married,5254,No,3,3,0,0,0,B
28,0,Sales,14,Female,3,Married,11411,No,3,1,3,2,6,A
40,0,HR,10,Female,4,Single,5807,No,4,3,4,1,1,A
21,0,HR,8,Male,1,Single,5193,No,4,3,4,3,1,B
46,0,Sales,2,Female,3,Divorced,6728,No,4,1,1,0,2,A
41,0,Research,10,Male,2,Single,7639,Yes,3,1,7,5,3,B
39,0,Research,12,Male,4,Divorced,4278,No,3,1,0,0,2,B
45,0,HR,1,Male,4,Single,6587,No,4,1,2,1,1,B
51,0,HR,12,Female,1,Divorced,9649,Yes,3,2,5,4,2,A
46,0,HR,8,Male,4,Single,7018,No,3,1,1,0,1,B
20,0,HR,1,Male,4,Single,6671,No,4,2,0,0,1,B
25,0,HR,3,Male,4,Married,8476,No,4,3,13,8,1,B
31,0,Research,6,Female,4,Single,9166,No,3,2,5,4,3,A
37,0,HR,25,Female,2,Single,6249,Yes,4,3,4,2,2,A
41,1,Sales,14,Female,3,Divorced,4603,Yes,3,2,1,0,1,A
30,0,Sales,1,Female,2,Married,7256,No,4,2,3,1,1,A
38,0,Research,13,Male,2,Divorced,1000,Yes,4,3,2,1,3,B
30,0,Sales,1,Male,1,Single,5658,Yes,3,2,6,3,2,B
31,0,Research,18,Female,4,Divorced,1000,No,3,3,5,1,1,A
24,0,Research,6,Male,2,Married,1000,No,4,1,3,2,1,B
28,0,Sales,9,Female,4,Divorced,1000,No,3,3,4,3,0,A
24,0,HR,20,Male,2,Single,10689,No,3,2,3,1,0,B
28,0,Sales,1,Male,2,Divorced,6555,Yes,3,1,1,0,3,B
46,0,Sales,1,Female,1,Single,1451,Yes,4,2,0,0,1,A
28,0,Research,5,Female,3,Married,8464,No,3,1,5,3,1,A
60,0,Sales,18,Male,3,Married,10454,No,3,3,6,3,1,B
41,0,Research,1,Female,2,Divorced,8533,Yes,4,1,2,1,4,A
38,0,HR,1,Male,1,Married,5745,No,4,1,9,4,1,B
29,0,HR,6,Male,4,Divorced,7429,Yes,4,1,3,1,1,B
43,0,HR,14,Male,4,Single,10105,No,4,2,0,0,3,B
31,0,Sales,19,Male,2,Divorced,4623,Yes,3,1,4,3,1,B
38,0,Research,6,Female,3,Single,6619,Yes,3,3,11,7,1,A
60,0,HR,6,Male,1,Married,5471,Yes,4,3,2,1,0,B
36,0,Research,19,Male,3,Single,1000,No,4,3,3,1,0,B
47,0,Research,1,Male,4,Single,10166,No,3,1,9,6,0,B
30,0,HR,6,Female,3,Single,14729,No,3,3,0,0,1,A
36,0,HR,11,Male,4,Single,3004,No,4,2,0,0,1,B
52,0,Research,13,Female,1,Single,10350,No,3,3,3,2,1,A
31,0,HR,5,Female,1,Divorced,3132,Yes,3,1,2,1,1,A
53,0,Research,10,Female,2,Single,7031,No,4,3,3,2,1,A
43,0,Research,1,Female,2,Single,12532,No,4,1,1,0,0,A
31,0,HR,4,Female,3,Single,4418,No,4,1,7,4,1,A
42,0,Sales,13,Female,1,Single,6441,Yes,4,3,5,4,0,A
45,0,HR,2,Female,1,Single,1000,No,3,2,4,3,2,A
42,0,Sales,10,Male,2,Single,3843,Yes,4,2,3,1,2,B
22,0,Research,13,Male,4,Married,1000,No,3,3,2,1,1,B
30,0,Research,7,Female,3,Divorced,8216,Yes,3,1,1,0,1,A
34,0,Sales,11,Female,3,Single,9826,No,3,3,7,6,1,A
36,0,Research,2,Female,2,Divorced,5613,No,4,1,4,2,4,A
42,0,Sales,8,Male,1,Married,7643,No,3,1,2,1,1,B
38,0,Sales,14,Female,2,Married,5197,No,4,1,5,1,1,A
24,0,Research,11,Male,2,Single,9462,No,4,2,5,4,7,B
40,0,Sales,5,Male,2,Divorced,7017,No,4,2,4,2,1,B
42,0,HR,11,Female,2,Single,1000,No,3,3,8,3,2,A
42,0,HR,15,Male,4,Married,10259,No,4,2,6,3,2,B
46,0,Research,1,Female,4,Married,4941,No,4,1,5,2,1,A
44,0,Research,19,Female,1,Divorced,1418,Yes,3,1,2,1,2,A
41,0,Sales,7,Female,2,Single,4744,No,4,3,2,1,0,A
36,0,Sales,13,Male,4,Divorced,1000,No,3,1,6,5,1,B
22,0,Sales,19,Female,1,Divorced,1500,No,3,3,7,4,0,A
40,0,Sales,1,Male,2,Married,7071,No,4,3,12,10,2,B
38,0,HR,4,Female,3,Divorced,7406,No,4,1,3,1,0,A
39,0,HR,7,Female,4,Married,7725,Yes,4,2,3,1,2,A
25,0,Research,3,Female,1,Single,6512,Yes,4,1,1,0,0,A
27,0,Sales,23,Female,3,Divorced,3728,Yes,3,1,8,4,2,A
46,0,Sales,3,Female,2,Divorced,6282,No,4,3,4,2,0,A
36,0,Research,5,Male,2,Single,4751,No,4,2,9,8,1,B
43,0,Sales,11,Female,2,Divorced,1000,No,3,3,1,0,1,A
37,0,Sales,1,Female,4,Single,3410,No,4,1,2,1,4,A
37,0,Sales,6,Female,1,Married,10058,Yes,4,3,2,1,0,A
45,1,Sales,12,Male,3,Married,12853,No,4,3,5,3,1,B
32,0,Sales,7,Female,1,Divorced,9105,No,4,1,4,1,3,A
37,1,Research,9,Female,4,Married,12674,No,4,3,4,2,1,A
32,0,Sales,5,Female,1,Married,6841,No,3,1,2,0,2,A
33,0,Research,1,Female,4,Single,13469,No,4,3,4,2,3,A
34,0,Sales,12,Male,2,Married,14717,No,3,2,5,4,0,B
38,0,HR,24,Female,3,Married,1000,No,3,1,3,1,1,A
32,0,HR,10,Male,2,Married,7385,Yes,3,2,2,1,0,B
48,0,HR,11,Male,1,Single,6845,Yes,3,3,1,0,3,B
28,0,HR,15,Male,2,Divorced,4803,No,4,2,5,3,5,B
35,0,Research,1,Male,3,Single,8467,No,4,2,4,3,0,B
33,0,Research,23,Female,2,Divorced,6664,No,3,2,13,6,2,A
50,0,Sales,11,Female,3,Divorced,3558,No,4,3,6,5,1,A
38,0,HR,23,Male,3,Married,6393,No,4,1,1,0,1,B
46,0,Research,4,Male,2,Married,11318,Yes,3,3,1,0,2,B
23,0,Sales,24,Male,4,Single,7230,No,4,3,5,2,1,B
39,1,Sales,16,Female,1,Single,9007,No,3,3,5,2,2,A
45,0,Research,14,Male,4,Single,5391,Yes,3,1,3,2,4,B
37,0,HR,11,Male,4,Married,8308,No,4,3,5,2,2,B
46,0,Sales,8,Male,2,Divorced,1663,No,4,3,4,3,2,B
32,0,HR,19,Male,1,Single,4501,No,4,1,3,2,3,B
49,0,HR,11,Male,1,Divorced,6089,No,3,1,6,5,0,B
57,0,HR,1,Female,4,Married,1394,No,3,1,0,0,2,A
33,0,Sales,1,Male,2,Married,3179,No,4,2,8,4,1,B
32,0,HR,8,Female,1,Married,7752,No,3,1,10,3,0,A
50,0,Sales,12,Female,4,Married,7019,No,4,2,1,0,2,A
51,1,HR,9,Female,1,Divorced,9725,No,4,2,5,4,0,A
32,0,Sales,19,Female,2,Divorced,4097,No,4,3,1,0,1,A
33,0,HR,1,Female,2,Single,6730,Yes,4,2,2,1,1,A
34,0,Research,11,Male,2,Divorced,3812,Yes,3,3,2,0,4,B
24,0,HR,1,Female,1,Divorced,9324,No,4,2,4,2,0,A
28,0,HR,16,Female,3,Divorced,11262,No,3,1,4,3,2,A
27,1,Sales,9,Male,1,Single,8433,No,3,3,2,1,0,B
30,0,Sales,13,Female,3,Divorced,10744,Yes,3,2,0,0,0,A
36,0,HR,3,Male,2,Divorced,6629,No,3,3,2,1,0,B
39,0,Research,20,Male,4,Divorced,9722,No,3,1,8,7,0,B
50,0,Research,18,Male,3,Married,6801,Yes,3,2,5,3,0,B
28,0,Sales,14,Male,2,Divorced,2400,Yes,4,2,1,0,0,B
45,0,Research,8,Male,2,Single,7486,No,3,1,3,1,3,B
35,0,HR,14,Female,3,Single,2518,No,4,2,2,1,3,A
36,0,Sales,4,Male,4,Single,15856,Yes,3,2,8,5,0,B
43,1,HR,16,Male,2,Single,5163,No,4,3,2,1,1,B
26,0,Sales,23,Female,3,Married,9080,No,4,2,1,0,1,A
40,0,Sales,18,Female,4,Single,6450,No,3,1,2,0,3,A
38,0,Sales,4,Female,4,Married,1565,No,4,2,8,6,3,A
41,0,Sales,12,Female,2,Married,1000,No,4,3,6,4,2,A
39,0,Research,1,Male,1,Married,9496,Yes,3,2,3,1,2,B
59,0,HR,14,Female,1,Single,12697,No,3,3,1,0,1,A
31,1,HR,13,Male,2,Single,3560,No,3,2,5,2,0,B
32,0,HR,1,Female,4,Married,1000,No,3,3,1,0,1,A
31,0,Sales,1,Female,2,Married,5199,No,3,3,4,3,3,A
32,0,Research,7,Female,3,Single,2751,Yes,3,2,4,3,0,A
31,0,HR,7,Female,1,Divorced,3898,No,3,1,1,0,1,A
47,0,Research,1,Female,3,Divorced,8941,No,3,1,2,1,2,A
49,0,Sales,13,Male,2,Divorced,6298,No,4,2,4,3,1,B
31,0,HR,12,Male,2,Single,3181,No,3,2,4,2,1,B
29,0,Research,8,Male,4,Single,8854,Yes,4,2,4,2,2,B
41,0,Sales,3,Female,4,Married,9167,No,3,2,1,0,0,A
32,0,Research,18,Male,4,Single,5151,No,3,2,2,1,0,B
42,0,HR,23,Female,3,Single,7051,No,3,1,2,1,5,A
38,0,HR,6,Female,4,Single,8582,Yes,3,3,0,0,2,A
23,0,Sales,5,Male,2,Married,8204,No,4,3,7,2,3,B
50,0,Sales,13,Male,4,Married,6662,No,4,1,2,0,2,B
53,0,Sales,7,Female,1,Divorced,12230,Yes,3,1,6,5,2,A
31,0,Research,8,Female,4,Divorced,8830,No,4,3,6,3,0,A
33,0,Research,15,Male,3,Single,4697,No,3,1,10,6,1,B
39,0,Research,1,Female,1,Single,4721,Yes,4,2,1,0,3,A
40,0,Sales,20,Male,1,Married,4267,No,3,1,4,2,1,B
42,1,HR,10,Male,1,Divorced,9028,No,4,1,3,2,0,B
55,0,HR,6,Female,3,Divorced,4009,No,4,1,3,1,1,A
35,0,Research,9,Female,2,Divorced,4800,No,4,1,5,4,2,A
29,0,Research,9,Female,4,Single,10732,No,3,3,2,0,3,A
24,0,HR,1,Female,1,Single,7266,Yes,4,3,2,0,8,A
30,0,HR,21,Male,1,Single,11294,No,3,3,0,0,0,B
36,1,Research,10,Female,1,Married,9692,No,4,3,2,0,2,A
53,0,Research,13,Male,2,Divorced,1793,No,3,2,8,3,1,B
32,0,HR,17,Male,2,Married,6091,No,3,2,5,3,0,B
39,0,Sales,1,Female,3,Divorced,10459,Yes,3,3,4,1,4,A
36,0,Research,13,Male,2,Single,1611,No,4,3,5,3,1,B
47,0,HR,7,Female,4,Married,8178,No,4,3,3,1,1,A
59,0,HR,16,Female,3,Married,6343,Yes,3,1,6,2,4,A
32,0,HR,1,Male,3,Single,1000,No,3,2,2,1,1,B
32,0,HR,9,Male,4,Divorced,6978,No,3,2,2,1,3,B
46,0,Sales,5,Male,4,Divorced,3150,No,4,1,2,1,1,B
43,1,HR,13,Female,4,Divorced,1829,No,4,1,6,5,2,A
53,0,Research,13,Female,3,Divorced,6536,No,4,1,1,0,1,A
42,0,Sales,4,Male,3,Single,1000,No,4,2,2,1,0,B
33,0,HR,4,Female,3,Single,3802,Yes,4,1,2,1,2,A
42,0,Sales,9,Female,4,Single,16704,No,3,1,8,5,2,A
46,0,Research,2,Male,4,Single,9100,Yes,3,1,6,2,1,B
44,0,HR,16,Female,1,Married,2974,Yes,3,3,4,2,0,A
41,0,Research,7,Male,2,Married,12116,Yes,3,1,5,2,0,B
46,0,HR,1,Male,1,Married,2531,Yes,4,3,1,0,1,B
47,0,HR,7,Male,4,Single,4285,Yes,4,2,4,2,4,B
49,0,HR,1,Female,3,Divorced,1904,No,3,2,4,1,1,A
42,0,HR,1,Male,4,Married,7524,No,4,2,1,0,4,B
35,0,HR,1,Male,2,Married,11974,Yes,3,3,0,0,3,B
38,0,Sales,10,Male,1,Single,2503,Yes,4,1,3,2,1,B
47,0,HR,20,Male,1,Divorced,1000,No,4,2,3,1,1,B
29,0,HR,12,Female,3,Divorced,10863,No,3,1,0,0,2,A
40,0,Sales,5,Male,1,Divorced,12715,No,3,3,3,2,0,B
33,0,Sales,13,Female,1,Single,1000,No,3,2,5,3,2,A
37,0,Sales,6,Male,4,Divorced,8340,No,4,1,6,2,2,B
48,0,Sales,4,Female,1,Married,7406,No,4,1,3,1,0,A
38,0,Sales,1,Female,1,Married,3350,Yes,4,2,3,1,2,A
37,0,Sales,1,Female,1,Married,1000,No,3,1,6,2,1,A
24,0,HR,6,Female,3,Single,10467,No,3,3,3,1,0,A
43,0,HR,11,Male,3,Divorced,7216,No,3,2,1,0,1,B
42,0,Research,9,Male,4,Single,7517,No,4,2,1,0,1,B
56,0,HR,6,Female,1,Divorced,4012,No,4,2,5,3,4,A
34,0,HR,2,Female,3,Single,3292,Yes,3,2,3,2,0,A
38,0,Sales,14,Female,3,Married,1000,Yes,3,3,2,0,0,A
39,0,Sales,1,Male,4,Single,5587,No,3,3,1,0,2,B
51,0,HR,16,Female,2,Single,12255,No,4,1,2,1,1,A
36,0,Research,1,Female,1,Single,2938,No,4,3,3,1,1,A
39,0,Sales,3,Male,3,Married,1000,No,3,1,8,7,1,B
42,0,HR,1,Male,4,Single,8242,Yes,3,1,6,3,3,B
38,0,HR,5,Male,4,Single,8980,Yes,3,2,9,7,0,B
32,0,Research,17,Male,4,Married,4156,Yes,4,1,2,1,0,B
38,0,Research,14,Male,3,Divorced,5104,No,4,2,0,0,0,B
46,0,Sales,17,Male,1,Single,7555,Yes,4,1,2,1,1,B
27,0,Research,14,Female,2,Married,5877,Yes,3,3,4,3,0,A
38,0,HR,1,Female,1,Single,10500,No,3,2,4,1,1,A
30,0,HR,7,Male,4,Married,16248,Yes,3,1,12,11,0,B
47,0,Research,3,Female,4,Divorced,1000,No,3,3,5,1,1,A
23,0,Research,20,Male,2,Divorced,11419,No,3,3,2,0,2,B
31,0,Research,1,Female,1,Single,6921,No,3,2,6,4,1,A
40,0,Research,17,Male,4,Married,12052,No,3,2,0,0,2,B
51,0,Sales,17,Male,4,Divorced,9397,No,3,2,2,1,3,B
36,0,Research,24,Female,1,Divorced,6744,No,3,1,2,1,2,A
32,0,Sales,6,Female,4,Married,9540,No,3,2,7,2,1,A
53,1,HR,15,Male,1,Single,4923,No,3,3,4,2,2,B
23,0,Research,28,Male,4,Divorced,3402,Yes,4,3,1,0,2,B
18,1,Sales,5,Male,1,Divorced,9743,Yes,3,2,1,0,2,B
40,0,Research,1,Male,2,Divorced,3122,No,3,2,4,2,1,B
32,0,HR,1,Male,4,Single,9069,No,4,3,12,4,0,B
27,1,HR,15,Male,2,Divorced,6622,No,3,1,3,1,3,B
43,0,HR,1,Female,4,Married,1000,No,4,3,0,0,0,A
39,0,Research,7,Female,4,Single,4202,Yes,4,3,5,3,2,A
31,0,Research,13,Female,3,Divorced,7839,No,3,3,4,3,2,A
25,0,Sales,11,Female,1,Married,4875,No,3,2,2,0,2,A
44,0,HR,13,Female,2,Married,1000,Yes,4,1,1,0,1,A
42,0,Research,11,Male,2,Single,11783,No,3,1,2,0,0,B
36,0,HR,20,Male,2,Married,7177,No,3,2,3,1,1,B
53,0,HR,2,Female,1,Single,8274,No,3,3,2,1,3,A
27,0,Sales,4,Male,3,Single,4606,Yes,4,2,1,0,2,B
23,0,Sales,3,Female,2,Single,8625,No,4,2,1,0,2,A
30,0,Sales,16,Female,1,Married,13839,No,3,1,1,0,3,A
36,0,Sales,17,Male,4,Single,3559,No,3,1,5,2,4,B
39,1,HR,13,Male,2,Single,13168,No,4,2,2,1,2,B
34,0,Sales,19,Female,2,Married,8094,Yes,4,2,6,5,5,A
40,1,Sales,1,Female,3,Single,3022,No,3,1,2,1,2,A
25,0,Sales,23,Female,2,Divorced,15349,No,3,1,5,3,2,A
49,0,Sales,22,Female,2,Married,8066,Yes,3,3,5,2,3,A
36,0,HR,15,Male,4,Married,9205,No,4,2,2,1,4,B
47,0,Sales,24,Female,1,Married,5422,No,4,3,9,3,0,A
40,0,HR,1,Male,1,Divorced,3314,No,3,3,5,4,0,B
41,0,Research,5,Female,3,Single,7171,Yes,4,3,6,5,0,A
42,0,HR,4,Female,4,Married,12825,No,3,1,5,1,1,A
41,0,HR,15,Male,1,Married,5261,No,3,3,2,1,3,B
42,0,Sales,1,Male,4,Married,6392,No,3,1,8,7,1,B
48,0,Research,16,Male,1,Divorced,12325,No,3,1,5,4,1,B
38,0,Research,20,Male,4,Divorced,5298,No,3,1,3,1,0,B
43,0,Research,15,Male,3,Divorced,8541,Yes,4,2,6,2,0,B
36,1,Research,12,Female,2,Single,10009,No,4,3,6,4,1,A
49,0,HR,2,Female,3,Single,5712,No,3,1,6,3,0,A
30,0,Research,3,Female,1,Divorced,7739,No,4,2,3,1,2,A
53,1,HR,19,Male,3,Single,9144,Yes,3,2,1,0,0,B
36,0,HR,16,Male,2,Divorced,4896,No,4,2,5,3,0,B
24,0,HR,9,Male,3,Single,9763,No,4,1,3,1,2,B
38,0,Research,6,Female,1,Single,4312,No,4,1,1,0,1,A
30,0,Sales,1,Male,1,Divorced,3799,Yes,4,1,3,0,1,B
44,0,Sales,1,Female,3,Married,1000,Yes,3,2,4,3,3,A
31,0,Research,25,Female,2,Married,4486,No,4,1,3,2,1,A
32,0,Sales,1,Female,3,Single,3237,Yes,4,3,4,1,1,A
19,0,Sales,11,Male,2,Single,4896,No,4,1,2,1,1,B
32,0,HR,18,Female,4,Single,8947,Yes,4,1,2,0,1,A
18,0,HR,1,Female,2,Single,1000,No,4,3,4,2,2,A
22,0,Research,11,Female,4,Single,1000,No,4,1,1,0,1,A
43,0,Research,17,Male,3,Single,3503,No,4,1,6,5,1,B
44,0,Sales,10,Female,2,Divorced,8344,No,4,1,2,0,1,A
40,0,HR,30,Male,4,Married,7655,No,3,1,5,4,0,B
28,0,Research,1,Male,4,Married,3439,Yes,3,2,4,3,0,B
36,0,Research,18,Female,4,Divorced,11177,Yes,3,1,3,2,1,A
36,0,Research,8,Female,1,Divorced,3866,No,4,3,2,1,1,A
26,0,Research,16,Male,3,Married,8349,No,3,3,4,1,2,B
50,0,Research,13,Female,4,Married,5048,No,3,2,3,2,1,A
44,0,Research,4,Male,2,Single,3024,No,3,1,1,0,1,B
35,0,Sales,11,Male,4,Married,4079,No,4,3,0,0,2,B
37,0,HR,1,Male,1,Single,9436,No,3,2,4,2,1,B
38,0,HR,14,Female,3,Single,7944,Yes,3,1,1,0,0,A
18,0,Research,12,Male,1,Married,10372,No,3,2,6,2,4,B
34,0,HR,15,Male,1,Single,7943,No,3,1,0,0,1,B
30,0,HR,18,Female,1,Single,1000,No,3,2,5,1,1,A
27,0,HR,12,Female,2,Divorced,14957,No,3,2,5,1,0,A
34,0,Research,11,Male,3,Married,8000,No,3,3,3,2,3,B
53,0,Research,2,Male,3,Divorced,8558,No,4,3,0,0,1,B
42,0,HR,4,Male,2,Single,4992,No,3,2,2,1,4,B
31,0,HR,19,Female,3,Single,10952,Yes,3,1,5,3,1,A
42,0,Research,21,Male,1,Divorced,2127,Yes,4,1,0,0,2,B
49,1,Sales,8,Male,3,Divorced,8939,No,4,1,5,2,1,B
45,0,HR,10,Female,2,Divorced,1000,No,4,1,1,0,0,A
37,0,Sales,2,Female,1,Single,9208,No,4,1,0,0,2,A
31,0,HR,19,Male,2,Married,2181,Yes,4,3,5,3,2,B
43,0,Sales,15,Female,4,Single,7607,Yes,3,2,2,0,0,A
40,0,Sales,25,Male,1,Divorced,11929,No,3,3,4,1,0,B
45,0,Sales,2,Male,1,Married,9790,No,3,1,3,2,3,B
42,0,Research,6,Female,3,Divorced,11397,No,4,2,2,1,1,A
46,0,Sales,11,Male,1,Single,10983,No,3,1,0,0,2,B
32,0,Sales,15,Male,2,Married,4402,Yes,3,1,4,3,6,B
48,0,Sales,8,Female,3,Married,8893,No,4,2,5,3,2,A
38,0,HR,3,Male,4,Single,1000,No,4,1,4,2,1,B
55,0,Sales,17,Female,2,Divorced,3752,Yes,3,3,4,3,0,A
30,0,HR,15,Male,4,Divorced,12070,No,4,3,3,2,2,B
52,0,Sales,2,Female,4,Divorced,4959,Yes,3,3,2,0,2,A
38,0,Sales,20,Female,4,Single,1000,Yes,4,1,6,3,1,A
31,0,Research,19,Female,1,Divorced,14554,Yes,3,3,7,3,2,A
32,0,HR,11,Female,2,Married,8749,Yes,3,1,9,5,0,A
34,0,Sales,10,Female,2,Divorced,9557,No,3,1,0,0,1,A
40,0,HR,14,Female,1,Divorced,2578,No,4,3,8,4,1,A
41,0,HR,3,Male,3,Married,7636,No,4,3,3,1,1,B
31,0,Research,10,Male,4,Married,7530,No,4,1,2,1,2,B
36,0,Research,1,Female,2,Divorced,3214,Yes,4,1,1,0,0,A
56,0,Research,17,Male,1,Married,5820,Yes,3,1,5,3,0,B
52,0,Research,1,Female,4,Single,1000,No,3,1,4,3,1,A
40,0,Research,22,Female,3,Married,5113,No,3,3,4,2,1,A
37,0,Research,7,Male,3,Single,10395,No,3,1,4,3,2,B
38,0,Research,8,Female,4,Married,3512,No,4,1,4,1,2,A
42,0,Research,4,Male,3,Single,14129,No,4,1,9,3,0,B
27,0,Sales,7,Female,2,Single,1000,No,4,1,3,1,4,A
34,1,HR,21,Female,2,Divorced,5459,No,4,1,4,2,2,A
21,0,Research,1,Male,2,Married,3874,Yes,3,2,2,1,5,B
40,0,Research,20,Female,3,Married,5779,No,4,2,10,9,3,A
42,0,HR,12,Female,2,Married,11985,Yes,4,2,0,0,1,A
32,0,Sales,1,Female,1,Single,2562,No,4,3,7,3,0,A
51,0,HR,1,Male,2,Divorced,4694,Yes,3,1,4,3,0,B
25,0,HR,23,Male,2,Married,9118,No,3,3,2,1,0,B
23,0,Research,2,Male,3,Divorced,6872,Yes,3,1,1,0,1,B
39,0,HR,1,Male,2,Divorced,7200,No,4,2,5,3,0,B
46,0,HR,19,Male,4,Single,2638,No,3,1,1,0,2,B
52,0,Research,12,Female,1,Married,6213,No,3,3,6,2,1,A
32,0,Research,2,Male,3,Divorced,11026,No,3,3,3,2,0,B
46,1,Research,11,Male,1,Married,1000,No,3,1,0,0,2,B
36,0,Research,1,Female,4,Married,3710,No,3,3,3,1,6,A
35,0,HR,18,Female,3,Married,1000,No,3,2,3,1,3,A
44,0,HR,18,Male,3,Divorced,8647,No,4,1,6,5,2,B
42,0,Sales,14,Female,2,Single,11401,No,4,2,5,3,3,A
22,0,Sales,12,Female,1,Single,5766,No,3,2,1,0,2,A
50,0,HR,24,Female,4,Divorced,2477,No,4,3,5,1,0,A
49,0,Sales,9,Male,4,Married,2595,No,3,1,2,1,2,B
31,0,HR,1,Female,3,Married,5311,No,4,2,2,1,2,A
40,0,Sales,13,Female,2,Single,5296,No,3,2,5,3,3,A
41,0,Research,26,Male,3,Divorced,10147,No,4,1,2,1,0,B
39,1,Sales,1,Female,3,Divorced,3824,Yes,3,3,7,4,3,A
32,0,Research,7,Female,3,Single,8240,No,3,2,0,0,0,A
30,1,Research,13,Male,3,Divorced,5278,No,4,1,3,2,1,B
36,0,Research,9,Male,4,Divorced,3520,No,3,1,3,2,1,B
47,0,Research,2,Male,4,Single,5178,No,4,2,1,0,0,B
41,0,Sales,18,Female,3,Single,7846,Yes,3,2,2,0,1,A
33,0,HR,28,Male,3,Divorced,10159,No,3,2,2,1,2,B
43,0,Research,11,Male,2,Divorced,5492,No,3,3,0,0,1,B
18,1,Sales,2,Female,3,Single,1684,No,3,3,1,0,4,A
47,0,Research,1,Female,4,Single,10498,Yes,4,1,3,2,1,A
21,0,Sales,12,Female,1,Married,2907,No,4,1,2,1,1,A
33,0,Sales,18,Female,4,Divorced,7543,No,4,2,5,3,3,A
26,0,Sales,13,Female,2,Divorced,6400,Yes,4,1,7,6,1,A
25,0,HR,9,Male,4,Single,5865,No,4,3,2,1,0,B
47,0,Sales,5,Male,1,Single,4552,No,3,1,1,0,2,B
32,0,Sales,1,Male,3,Married,8980,No,3,1,4,2,0,B
40,0,HR,16,Female,1,Married,1000,Yes,4,2,3,2,1,A
36,0,HR,17,Male,3,Single,11045,Yes,3,2,6,3,1,B
41,0,Sales,1,Female,3,Divorced,2849,No,4,3,3,2,1,A
37,0,HR,22,Female,4,Married,8131,Yes,3,1,3,1,9,A
25,0,Research,14,Male,4,Single,7920,Yes,4,1,2,1,2,B
45,0,Research,21,Male,4,Single,11599,No,3,1,7,3,1,B
32,0,HR,1,Female,2,Single,7290,No,3,2,3,1,0,A
22,0,HR,1,Female,4,Divorced,3183,No,4,3,6,2,2,A
33,0,Sales,8,Male,2,Single,1000,No,3,1,2,0,3,B
50,0,HR,14,Male,4,Single,5104,No,4,1,4,3,0,B
44,0,Sales,24,Female,3,Divorced,1000,No,3,1,5,1,2,A
33,0,Research,15,Female,2,Single,3986,Yes,4,1,2,1,1,A
33,1,HR,8,Female,1,Single,5329,Yes,3,3,5,1,2,A
34,0,Sales,1,Female,2,Married,3740,No,4,3,0,0,1,A
55,0,Sales,19,Male,2,Single,6667,No,3,3,3,2,2,B
40,0,Research,2,Male,1,Divorced,5555,No,3,2,5,3,5,B
40,0,HR,23,Female,2,Married,5189,No,4,1,1,0,2,A
46,0,Research,7,Female,3,Single,1000,No,4,1,2,0,1,A
39,0,Sales,22,Male,4,Divorced,1321,Yes,4,1,1,0,0,B
34,1,Sales,15,Female,1,Single,9070,Yes,4,1,1,0,1,A
35,0,HR,8,Female,4,Married,9717,No,3,3,1,0,0,A
36,0,Sales,5,Female,3,Divorced,1000,No,3,2,5,3,1,A
36,1,HR,7,Female,1,Married,3241,No,3,2,1,0,1,A
43,0,Research,13,Female,4,Divorced,10787,Yes,3,1,0,0,0,A
37,0,HR,10,Female,4,Divorced,3627,No,3,3,4,3,1,A
43,0,HR,5,Male,3,Single,6054,No,4,2,0,0,4,B
36,1,Sales,8,Female,4,Divorced,12267,Yes,4,2,3,1,1,A
37,0,Sales,10,Male,3,Divorced,5053,No,4,1,2,1,1,B
19,0,HR,1,Male,2,Single,4481,No,4,2,2,1,2,B
45,0,Sales,13,Male,3,Divorced,5871,No,4,1,1,0,1,B
40,0,Sales,2,Female,2,Divorced,13913,No,3,3,4,3,1,A
45,0,Sales,1,Female,1,Divorced,8284,Yes,3,1,1,0,3,A
18,0,HR,1,Female,4,Divorced,6576,No,4,2,5,3,0,A
55,0,Sales,1,Male,3,Single,4402,Yes,4,1,4,2,3,B
35,1,HR,1,Male,3,Single,8655,No,4,1,7,2,0,B
46,0,Sales,4,Female,4,Married,9138,No,3,1,3,1,6,A
27,0,Research,25,Female,4,Divorced,2207,No,4,1,4,2,0,A
42,0,Sales,5,Male,1,Single,9246,No,4,1,2,1,1,B
27,0,Sales,11,Male,1,Divorced,5895,No,4,1,0,0,4,B
31,0,HR,13,Male,3,Single,6599,No,3,2,1,0,0,B
54,0,HR,11,Female,1,Married,2962,No,4,1,4,2,1,A
35,0,Sales,9,Male,2,Divorced,4900,No,3,2,3,1,2,B
38,0,Research,1,Male,1,Married,2379,No,4,1,2,1,0,B
44,0,Sales,21,Male,1,Married,2187,No,4,3,2,0,2,B
41,0,Sales,24,Female,3,Married,8008,No,3,1,1,0,2,A
38,0,Research,1,Female,2,Single,5079,No,3,2,2,1,0,A
40,0,HR,1,Female,1,Divorced,1301,No,4,2,2,1,0,A
58,0,Sales,7,Male,2,Single,15208,Yes,4,3,7,4,0,B
36,0,HR,2,Male,2,Single,2001,Yes,3,1,4,1,2,B
38,0,HR,14,Male,2,Divorced,10868,Yes,3,3,3,1,0,B
46,1,Research,4,Male,4,Divorced,1000,No,4,1,3,1,0,B
46,0,Research,27,Female,4,Divorced,8326,No,3,1,7,3,3,A
47,0,HR,19,Male,4,Divorced,5497,No,3,2,2,1,4,B
42,0,Sales,11,Male,4,Single,3983,No,4,3,2,1,4,B
26,0,HR,18,Female,3,Divorced,7286,No,4,3,8,4,1,A
51,0,Sales,18,Male,1,Divorced,6749,No,4,2,5,4,0,B
26,0,Sales,5,Male,4,Divorced,3250,Yes,3,2,2,1,0,B
39,0,Research,3,Male,3,Married,3069,Yes,4,3,8,7,0,B
30,0,Sales,10,Female,1,Divorced,1000,No,4,2,2,1,0,A
36,0,Sales,16,Male,4,Divorced,7722,No,3,1,2,1,4,B
39,0,HR,11,Female,1,Single,1484,No,4,3,1,0,2,A
39,0,Research,1,Male,4,Married,6515,Yes,3,3,1,0,1,B
40,0,Sales,3,Female,3,Single,8869,No,3,2,5,4,1,A
51,0,Sales,9,Female,2,Married,7332,Yes,4,1,2,1,3,A
41,0,Research,9,Female,2,Single,3607,Yes,4,3,3,2,3,A
34,0,HR,25,Male,1,Single,10135,Yes,3,3,7,3,1,B
45,0,Research,1,Male,3,Divorced,4868,Yes,4,1,4,2,3,B
47,0,Research,14,Female,2,Divorced,1163,No,3,2,1,0,1,A
25,0,Sales,21,Female,4,Married,5365,Yes,3,2,6,4,2,A
42,0,Sales,28,Male,2,Married,8847,No,4,2,6,5,3,B
43,0,HR,6,Female,1,Married,3802,No,4,2,2,1,3,A
34,1,Sales,13,Male,1,Divorced,10012,Yes,3,1,1,0,0,B
49,0,Sales,14,Male,3,Single,3418,Yes,3,1,4,2,1,B
35,0,Research,11,Female,1,Married,3963,No,4,3,1,0,0,A
38,0,Sales,9,Female,2,Divorced,2315,Yes,3,3,2,1,0,A
35,0,HR,13,Male,2,Divorced,9234,No,3,1,2,0,1,B
37,0,Research,1,Male,2,Single,6287,No,3,3,1,0,1,B
27,0,HR,15,Male,2,Single,2580,Yes,4,1,7,4,2,B
24,0,Research,11,Female,3,Divorced,4915,No,3,2,2,0,0,A
51,0,Sales,8,Male,4,Single,1000,Yes,3,1,6,4,1,B
29,0,Research,26,Female,4,Single,9611,No,4,1,3,1,3,A
28,0,Research,4,Female,3,Divorced,5817,No,3,3,1,0,1,A
18,0,Sales,6,Male,1,Married,1000,Yes,3,1,3,2,2,B
31,0,Sales,25,Female,4,Married,1000,Yes,4,2,7,4,1,A
25,0,HR,3,Female,1,Divorced,4813,No,4,2,2,1,0,A
51,0,HR,5,Female,4,Married,1243,No,4,3,1,0,0,A
46,0,Sales,8,Female,1,Divorced,9673,Yes,4,3,5,4,1,A
30,0,Sales,16,Male,3,Divorced,8174,No,4,1,1,0,2,B
57,0,Sales,11,Male,2,Single,7938,No,3,3,2,0,0,B
45,0,Research,1,Female,1,Married,1000,No,3,2,3,2,1,A
34,0,Research,5,Female,2,Divorced,4398,Yes,4,3,2,1,1,A
18,0,Research,5,Female,1,Married,3709,No,3,3,3,1,4,A
57,0,Sales,9,Female,1,Married,2683,No,4,2,2,1,2,A
24,0,HR,13,Female,1,Married,4839,Yes,3,1,1,0,2,A
22,0,Sales,13,Male,1,Divorced,1995,No,3,1,2,1,1,B
46,0,Research,1,Male,1,Single,7360,No,3,3,4,2,5,B
58,0,Research,18,Male,2,Married,9566,No,4,2,6,3,1,B
49,0,Sales,12,Male,1,Divorced,9221,Yes,4,2,1,0,3,B
42,0,Sales,21,Female,2,Married,5948,No,4,2,1,0,0,A
42,0,Research,13,Female,3,Single,14496,No,3,1,4,2,1,A
44,0,Research,18,Male,4,Married,11059,No,4,2,8,4,8,B
43,0,Research,13,Male,1,Divorced,6093,No,3,2,2,0,1,B
39,0,Sales,20,Male,4,Married,4570,No,3,1,1,0,1,B
37,0,Research,14,Female,2,Married,11852,No,4,2,6,2,3,A
36,0,Research,9,Female,3,Married,10530,Yes,3,1,6,5,1,A
30,0,HR,28,Female,3,Single,1000,No,3,3,0,0,1,A
34,0,Sales,17,Male,3,Married,10843,No,3,3,0,0,0,B
21,0,HR,14,Male,4,Divorced,5882,Yes,4,3,1,0,0,B
36,0,HR,1,Female,2,Married,3056,No,4,3,5,3,2,A
28,0,Research,1,Female,1,Married,1000,No,4,3,3,2,1,A
27,1,Sales,12,Female,1,Married,5424,No,3,1,3,1,2,A
38,0,Research,11,Male,2,Single,6451,Yes,3,1,7,3,2,B
49,0,Sales,5,Female,4,Divorced,12849,Yes,4,1,1,0,1,A
45,0,HR,11,Female,1,Married,10328,No,3,2,4,2,1,A
22,0,Sales,22,Male,2,Divorced,4168,No,4,3,5,4,0,B
28,0,Research,15,Female,1,Divorced,8057,Yes,4,2,2,1,0,A
45,0,Research,1,Female,3,Single,9804,No,4,2,1,0,0,A
28,0,Research,9,Female,1,Divorced,6843,No,4,2,6,4,1,A
34,0,Sales,3,Female,4,Married,4151,Yes,3,3,3,1,4,A
41,0,HR,6,Male,2,Single,4371,No,3,2,1,0,6,B
28,0,HR,6,Female,4,Single,8041,No,3,3,7,4,0,A
37,0,Sales,6,Male,2,Divorced,8151,No,4,3,4,3,3,B
24,0,Research,1,Female,3,Single,5328,Yes,3,3,5,4,4,A
31,0,HR,8,Male,2,Divorced,1000,Yes,4,2,3,2,0,B
39,0,Research,5,Female,1,Divorced,1337,No,4,3,1,0,2,A
22,0,Sales,1,Female,1,Single,8978,No,4,3,3,1,3,A
40,0,Research,26,Male,3,Married,1000,No,3,1,6,3,0,B
36,0,HR,18,Female,2,Divorced,11236,No,4,2,2,1,2,A
41,0,HR,6,Female,3,Single,10644,Yes,3,1,1,0,0,A
39,0,Research,10,Male,1,Single,6664,No,3,1,12,5,2,B
49,0,Sales,1,Female,4,Divorced,8891,Yes,3,2,3,2,1,A
38,0,Research,23,Female,3,Divorced,8615,Yes,3,1,3,2,0,A
33,0,Sales,25,Female,4,Divorced,6032,No,3,3,2,1,0,A
38,0,Research,11,Female,4,Divorced,1004,Yes,3,1,4,1,0,A
41,0,HR,18,Female,2,Married,10369,No,3,1,0,0,3,A
37,1,Sales,11,Male,3,Married,12128,No,3,3,5,1,1,B
37,1,Sales,1,Male,4,Married,1665,Yes,4,1,4,2,0,B
30,0,Sales,6,Female,4,Married,1000,No,4,3,6,2,2,A
31,0,HR,11,Female,2,Single,5952,No,3,2,3,2,1,A
24,0,Research,6,Male,2,Divorced,3995,No,3,1,2,1,1,B
52,0,HR,8,Male,1,Single,7079,Yes,3,2,6,3,1,B
25,0,Sales,9,Male,4,Single,11331,No,3,1,7,4,6,B
30,0,Research,9,Male,1,Married,1000,No,3,3,2,1,1,B
30,0,HR,10,Male,4,Single,12825,No,4,1,1,0,2,B
45,0,Sales,1,Male,1,Married,4873,No,3,2,3,2,3,B
34,0,Sales,4,Female,2,Divorced,8547,No,3,3,1,0,1,A
48,0,HR,1,Female,3,Married,8974,Yes,3,3,3,1,4,A
30,0,HR,17,Female,2,Divorced,9441,No,4,2,4,3,3,A
39,0,HR,1,Female,1,Married,6747,Yes,4,2,1,0,0,A
29,0,Sales,19,Female,1,Single,7682,No,3,1,3,1,0,A
56,0,HR,21,Male,3,Single,7656,No,4,1,3,1,1,B
26,0,Sales,7,Male,4,Married,3978,No,4,3,5,4,1,B
39,1,HR,1,Male,1,Divorced,1000,Yes,4,2,7,3,0,B
42,0,Sales,7,Male,1,Divorced,1623,No,4,2,2,1,2,B
40,0,Sales,9,Male,1,Married,6083,No,4,1,9,3,1,B
35,0,Research,1,Male,3,Single,3352,No,4,1,5,4,1,B
35,0,HR,5,Female,2,Divorced,3362,No,4,3,2,1,1,A
37,0,HR,22,Female,1,Married,13697,Yes,4,2,2,1,1,A
35,0,Sales,15,Male,3,Divorced,9935,No,3,2,2,1,0,B
45,0,Sales,2,Female,1,Single,5491,No,3,2,2,1,2,A
56,0,Sales,1,Male,4,Divorced,9188,No,4,2,6,5,2,B
31,0,Research,7,Female,3,Married,4818,No,4,1,5,2,0,A
24,0,Research,8,Male,1,Divorced,6942,No,3,1,2,1,1,B
36,1,Sales,13,Male,3,Divorced,8266,No,3,1,1,0,1,B
60,0,HR,5,Female,1,Single,4829,Yes,4,3,6,4,4,A
29,1,HR,14,Male,2,Single,3758,No,3,2,3,2,0,B
51,0,Research,25,Female,1,Single,11395,No,4,1,1,0,1,A
52,0,Research,16,Female,3,Single,8956,Yes,3,2,0,0,1,A
32,0,Sales,9,Male,4,Married,1000,No,4,1,2,1,2,B
42,0,HR,8,Male,4,Divorced,3827,No,3,3,3,1,0,B
51,0,Sales,7,Male,4,Divorced,3374,No,4,1,4,3,0,B
33,0,Research,19,Female,1,Divorced,4015,No,3,3,7,5,6,A
35,0,HR,4,Female,2,Divorced,9949,No,3,2,0,0,0,A
31,0,HR,10,Male,1,Married,6576,Yes,4,1,3,2,1,B
27,0,Research,10,Male,4,Single,1000,No,4,1,3,1,1,B
31,0,Sales,5,Male,3,Divorced,4967,No,3,1,1,0,1,B
25,0,Sales,1,Male,4,Divorced,8666,No,3,2,5,1,3,B
37,0,HR,12,Male,3,Single,5621,No,4,3,2,1,1,B
30,1,Research,9,Male,2,Single,3921,Yes,3,3,3,1,5,B
39,1,HR,14,Male,3,Divorced,7824,No,3,1,1,0,0,B
22,0,Research,5,Female,1,Single,12972,No,3,2,3,1,2,A
39,0,Sales,19,Female,1,Divorced,8345,No,3,3,4,2,2,A
44,0,Research,2,Male,1,Divorced,11703,No,3,3,3,1,2,B
19,0,Sales,23,Male,3,Divorced,4189,No,4,3,5,2,3,B
40,0,Research,1,Female,1,Divorced,6466,No,3,3,2,1,4,A
48,0,HR,13,Male,1,Divorced,6385,No,3,3,4,1,5,B
26,0,Sales,13,Female,1,Divorced,6974,No,4,1,4,3,0,A
52,0,HR,3,Female,2,Single,8262,No,4,1,4,2,2,A
40,0,HR,13,Male,3,Married,2824,No,4,1,5,3,3,B
30,0,Sales,20,Female,3,Married,9089,No,4,3,2,1,1,A
36,0,Sales,1,Female,4,Divorced,1000,No,4,3,2,1,0,A
42,0,HR,14,Male,3,Single,1156,Yes,3,3,1,0,0,B
37,0,HR,1,Male,2,Divorced,15042,No,3,1,1,0,0,B
41,0,HR,2,Female,3,Single,4459,Yes,3,3,2,1,2,A
28,0,HR,23,Male,2,Divorced,9418,No,4,1,2,1,0,B
38,1,Sales,5,Female,2,Divorced,13293,No,4,3,1,0,1,A
24,0,Sales,1,Female,3,Married,1000,No,4,1,3,2,0,A
35,0,HR,8,Female,4,Single,11004,No,3,2,1,0,0,A
28,0,Research,26,Female,1,Single,9095,Yes,3,3,5,2,2,A
30,0,Research,1,Female,1,Married,13061,No,3,3,2,1,0,A
48,0,Sales,1,Female,3,Married,1773,No,3,1,3,1,4,A
46,0,HR,21,Male,3,Married,12305,No,3,3,1,0,2,B
42,1,HR,24,Male,2,Married,3542,Yes,3,1,3,2,0,B
27,0,Sales,9,Male,3,Single,10719,No,4,1,4,2,2,B
34,0,Research,1,Male,2,Single,6355,No,3,2,3,0,1,B
47,0,Research,26,Female,4,Married,9583,No,3,2,6,5,0,A
38,0,Research,22,Female,3,Divorced,6695,No,3,3,3,1,3,A
57,0,Sales,15,Female,1,Divorced,1000,No,3,3,1,0,2,A
40,0,Research,3,Female,1,Divorced,1000,No,3,1,2,1,0,A
38,0,Sales,9,Female,3,Divorced,7339,No,4,1,1,0,0,A
34,0,Sales,8,Male,2,Single,5445,No,3,1,5,4,5,B
38,0,HR,12,Male,1,Single,8092,Yes,3,1,3,1,2,B
35,0,Research,21,Male,2,Single,5491,No,4,3,6,4,1,B
43,0,Sales,17,Female,3,Divorced,14572,No,4,2,1,0,0,A
45,0,Research,1,Female,3,Married,7422,No,3,3,2,0,0,A
29,1,Research,21,Male,1,Divorced,4712,Yes,3,3,3,2,6,B
25,0,HR,12,Female,3,Single,7849,No,3,3,2,0,2,A
20,0,Research,15,Female,4,Divorced,4785,Yes,3,2,1,0,1,A
41,0,HR,21,Male,4,Married,6871,No,3,3,7,6,0,B
27,0,Sales,1,Female,1,Married,1630,Yes,4,2,5,2,1,A
18,0,Research,9,Male,4,Divorced,6465,No,4,1,2,1,2,B
40,0,Sales,5,Male,2,Single,4588,Yes,3,3,3,1,3,B
59,0,Research,1,Male,1,Single,2009,Yes,3,1,1,0,1,B
36,0,Sales,12,Male,1,Single,14402,No,4,1,2,1,3,B
44,1,Research,30,Female,2,Divorced,2165,No,4,1,1,0,1,A
37,0,Research,1,Female,4,Single,6527,Yes,3,3,9,5,3,A
36,0,Research,9,Female,4,Divorced,3288,No,3,1,3,1,1,A
45,0,Research,15,Male,4,Single,7688,No,3,3,2,1,3,B
34,0,Research,10,Female,1,Married,1402,No,3,1,0,0,1,A
39,1,Research,9,Male,1,Married,9861,No,3,3,2,0,2,B
39,0,Research,1,Female,4,Single,14644,No,3,3,2,1,1,A
30,0,Research,11,Female,3,Divorced,3141,No,4,3,1,0,0,A
45,0,Research,3,Male,4,Single,11367,No,4,1,2,1,0,B
35,0,Sales,1,Female,2,Divorced,4972,Yes,4,3,1,0,7,A
30,0,HR,19,Male,1,Married,12523,No,4,1,6,4,2,B
41,0,Research,17,Male,2,Divorced,15253,No,3,2,5,3,1,B
28,0,HR,10,Female,2,Single,5565,No,4,1,6,2,0,A
37,0,Research,11,Female,1,Married,1000,No,4,1,0,0,1,A
36,0,Research,18,Female,3,Divorced,10292,No,3,3,9,2,2,A
46,0,Sales,11,Female,4,Divorced,7397,No,4,1,2,1,1,A
41,0,Sales,17,Male,2,Married,8507,No,3,2,1,0,2,B
36,0,HR,7,Male,1,Single,5140,No,3,3,1,0,3,B
44,0,Sales,20,Female,2,Married,2962,No,4,1,3,2,0,A
49,0,Sales,12,Female,4,Single,11141,No,4,1,4,1,1,A
42,0,HR,11,Female,3,Single,7779,No,4,3,2,1,0,A
37,0,Sales,1,Male,3,Divorced,1000,Yes,3,3,2,1,3,B
25,0,Research,12,Female,3,Single,9247,No,4,1,2,1,1,A
27,0,HR,3,Male,1,Single,8444,No,3,1,5,3,4,B
34,0,HR,4,Female,1,Married,5198,No,4,3,1,0,0,A
31,0,Research,3,Female,3,Married,12979,Yes,3,3,1,0,2,A
35,0,Sales,1,Male,4,Single,4027,No,4,2,9,8,2,B
37,0,HR,26,Male,4,Divorced,5824,No,4,2,1,0,2,B
41,0,HR,20,Female,1,Married,9574,No,3,2,1,0,3,A
36,1,Research,25,Male,3,Divorced,6807,No,4,3,3,1,1,B
41,0,Research,1,Male,4,Married,1000,No,4,3,2,1,1,B
37,0,Sales,10,Female,4,Married,7235,Yes,3,3,3,2,0,A
19,0,HR,1,Male,4,Single,4842,Yes,4,1,5,2,1,B
28,0,Sales,4,Male,1,Married,9927,No,4,3,2,1,1,B
35,0,Sales,2,Female,3,Married,7104,No,3,1,3,1,0,A
26,0,Research,19,Female,2,Divorced,6878,Yes,4,3,5,2,0,A
42,0,HR,6,Male,3,Married,2306,Yes,3,3,3,2,2,B
50,0,HR,18,Female,3,Married,5579,Yes,4,1,2,0,2,A
47,0,HR,14,Male,1,Divorced,10380,No,4,3,5,2,0,B
35,0,Research,28,Male,4,Single,3393,Yes,3,3,4,2,1,B
50,0,Research,1,Male,4,Single,6369,No,4,3,7,6,2,B
38,0,Research,20,Female,1,Married,2754,No,3,2,6,2,0,A
33,1,Research,19,Male,1,Married,1764,Yes,3,3,2,1,1,B
31,0,Research,2,Male,1,Divorced,6160,No,4,1,3,2,1,B
34,1,HR,18,Male,1,Single,7195,Yes,3,1,2,1,5,B
33,0,Sales,12,Female,1,Single,14475,No,4,1,0,0,1,A
38,0,HR,8,Female,2,Single,4678,No,3,3,1,0,0,A
38,0,Sales,3,Female,3,Divorced,6299,No,4,1,9,6,0,A
37,0,Research,4,Male,3,Divorced,1499,No,4,2,1,0,0,B
40,0,Sales,26,Male,3,Divorced,8948,Yes,3,1,2,0,1,B
47,0,HR,10,Female,4,Married,8092,Yes,4,3,2,1,3,A
45,0,HR,16,Male,2,Single,12453,No,4,2,2,1,1,B
23,0,Sales,3,Male,3,Married,10946,No,4,1,2,1,2,B
18,0,Research,3,Male,4,Married,7905,No,3,2,8,2,4,B
45,0,Research,18,Male,2,Divorced,4619,No,4,1,1,0,2,B
24,0,HR,1,Female,2,Single,7318,No,4,3,0,0,1,A
34,0,Sales,6,Female,4,Married,6055,No,3,2,3,2,1,A
26,0,Research,10,Female,2,Single,10313,No,4,1,3,2,1,A
20,0,Research,10,Male,4,Married,9804,No,3,1,4,2,4,B
41,0,HR,8,Male,3,Divorced,5314,No,3,2,8,3,3,B
43,0,Research,13,Female,4,Married,1000,Yes,4,2,1,0,3,A
31,0,Sales,15,Female,2,Divorced,11833,Yes,3,2,0,0,2,A
18,0,HR,15,Female,3,Single,8827,No,4,2,1,0,1,A
32,0,HR,2,Male,3,Married,5222,No,4,1,1,0,1,B
40,0,Sales,7,Female,1,Married,8671,No,4,1,4,3,0,A
23,0,HR,19,Male,1,Divorced,6799,Yes,3,1,4,3,2,B
38,0,Research,17,Female,2,Divorced,11774,No,3,3,4,2,1,A
36,0,Research,1,Male,4,Single,1000,Yes,4,2,3,0,3,B
42,0,Sales,12,Male,4,Divorced,4911,Yes,4,1,2,0,0,B
38,0,Research,1,Female,2,Single,12896,No,3,2,1,0,0,A
28,0,Sales,10,Male,3,Married,8752,Yes,4,2,3,2,3,B
47,0,Sales,25,Male,2,Single,13590,No,3,1,4,2,4,B
35,0,Research,2,Female,2,Single,1612,No,3,2,2,1,3,A
36,0,Sales,3,Female,3,Single,10788,No,4,2,1,0,0,A
28,0,Research,16,Female,4,Married,10548,No,4,2,3,0,3,A
33,0,HR,1,Male,2,Married,1000,Yes,4,2,2,0,0,B
29,1,HR,4,Male,4,Divorced,5317,Yes,3,2,5,2,3,B
35,0,Sales,14,Female,2,Single,6073,No,3,1,5,2,0,A
52,0,Research,4,Female,3,Married,1000,No,3,1,4,1,1,A
24,0,Research,8,Male,3,Single,5401,No,3,2,3,2,0,B
22,1,HR,15,Female,1,Single,9992,Yes,4,2,4,3,0,A
50,0,HR,13,Female,3,Single,4936,No,3,2,2,1,2,A
35,0,Research,12,Male,1,Married,7468,No,4,3,5,4,5,B
30,0,Sales,7,Male,2,Single,7497,No,3,2,6,4,3,B
46,0,HR,12,Female,4,Single,6451,No,3,3,2,1,2,A
31,0,Sales,9,Male,3,Divorced,3679,Yes,4,3,2,0,0,B
53,0,Sales,13,Male,3,Single,9135,Yes,3,3,3,2,1,B
43,0,HR,6,Female,3,Divorced,1000,No,4,1,1,0,4,A
32,0,Sales,8,Female,2,Single,6534,No,3,3,4,1,1,A
56,1,Sales,2,Female,1,Divorced,12041,Yes,4,2,3,1,0,A
31,0,Research,9,Male,2,Married,4710,No,3,2,5,4,1,B
43,0,Sales,3,Female,4,Married,3590,Yes,3,1,3,2,0,A
39,0,Research,1,Male,2,Single,9402,Yes,4,1,2,1,3,B
48,0,HR,12,Female,4,Divorced,7153,No,4,2,0,0,0,A
51,0,HR,11,Male,3,Married,9481,Yes,4,1,4,2,1,B
37,0,Research,16,Male,4,Single,6653,No,3,1,4,3,0,B
30,0,HR,6,Female,4,Single,1000,No,3,3,2,1,1,A
41,0,Sales,13,Male,1,Divorced,11219,Yes,3,3,2,1,3,B
30,0,Sales,14,Female,4,Divorced,14780,Yes,3,1,2,1,1,A
55,0,Sales,13,Female,4,Single,11636,No,3,2,2,1,4,A
38,0,HR,3,Male,2,Divorced,1000,Yes,3,3,5,4,2,B
33,1,Sales,11,Male,3,Divorced,8304,No,4,2,5,2,2,B
38,0,HR,12,Male,2,Married,4633,No,3,1,2,1,4,B
24,0,Sales,10,Female,2,Divorced,2163,No,3,2,2,1,1,A
28,0,Research,1,Female,3,Single,6990,No,4,2,3,2,1,A
47,0,HR,11,Female,3,Divorced,5904,Yes,4,2,2,1,2,A
31,0,HR,27,Female,4,Single,8534,Yes,4,2,1,0,0,A
27,0,Sales,7,Female,4,Single,6726,Yes,4,1,3,1,3,A
41,0,HR,4,Female,1,Divorced,2016,No,4,1,4,2,3,A
47,0,HR,12,Male,2,Divorced,4193,No,3,3,0,0,1,B
43,0,Research,12,Female,3,Divorced,3548,Yes,3,3,10,9,1,A
45,0,Research,19,Female,4,Married,1000,Yes,4,3,6,4,1,A
30,1,Sales,1,Female,3,Married,1013,No,4,3,1,0,0,A
24,0,Research,15,Female,4,Divorced,5655,No,3,2,0,0,1,A
50,0,Sales,14,Male,1,Single,12195,No,4,3,3,1,3,B
34,1,Sales,8,Male,1,Divorced,4357,No,3,3,4,2,0,B
34,0,Sales,12,Male,3,Married,3470,No,3,2,1,0,4,B
48,0,HR,18,Female,1,Married,1774,No,4,1,8,7,2,A
42,1,Research,16,Female,3,Divorced,6622,No,3,3,2,1,2,A
41,0,Sales,1,Female,4,Single,11217,No,3,1,2,0,1,A
56,0,Research,16,Male,2,Single,14510,No,3,3,1,0,0,B
31,1,Sales,9,Female,1,Married,7641,Yes,3,1,5,4,1,A
45,0,Research,10,Female,4,Married,7059,Yes,4,3,5,1,5,A
37,0,Research,10,Male,2,Married,4326,No,4,1,1,0,0,B
39,0,Sales,8,Male,2,Single,4993,No,4,1,2,1,0,B
50,0,HR,19,Female,2,Married,9016,No,4,3,4,1,1,A
41,0,Research,9,Male,4,Married,5240,Yes,4,1,7,6,3,B
41,0,HR,1,Female,4,Single,5850,No,3,3,1,0,1,A
46,0,HR,6,Female,3,Married,6398,No,3,3,2,1,5,A
33,0,Sales,11,Male,2,Married,4136,No,3,2,0,0,2,B
29,1,Sales,19,Female,2,Divorced,6200,No,3,3,3,2,2,A
27,0,Sales,14,Male,2,Married,1000,No,4,3,4,1,1,B
19,0,Research,3,Male,3,Divorced,8695,No,4,3,2,1,2,B
55,0,Sales,29,Female,2,Married,15907,No,3,3,3,0,0,A
27,0,Sales,12,Male,4,Married,4291,No,4,2,2,1,5,B
35,0,Research,20,Female,2,Divorced,7995,No,3,2,3,1,3,A
34,0,Research,8,Female,1,Married,9906,No,3,2,5,4,3,A
39,0,Sales,14,Male,4,Divorced,11620,No,4,2,0,0,1,B
44,0,Sales,16,Male,3,Married,5442,No,4,1,0,0,4,B
44,0,Sales,19,Male,2,Divorced,1000,No,4,3,4,2,1,B
31,0,Sales,18,Female,1,Divorced,7568,Yes,3,2,4,3,1,A
35,0,HR,16,Female,3,Married,7014,No,4,3,6,3,1,A
39,0,HR,7,Female,3,Married,5117,No,3,2,4,3,3,A
34,0,Sales,5,Female,4,Divorced,5965,No,4,3,4,1,0,A
51,0,HR,12,Female,3,Single,7074,No,3,1,2,0,0,A
41,0,Research,17,Female,3,Married,7947,Yes,4,2,5,3,0,A
43,0,HR,8,Female,3,Married,7779,No,3,1,2,1,1,A
42,0,HR,18,Male,3,Single,5629,No,3,1,0,0,3,B
47,0,Sales,21,Female,2,Single,8037,Yes,4,3,1,0,1,A
38,0,HR,2,Female,2,Divorced,5359,No,3,2,5,2,0,A
25,0,HR,3,Male,2,Married,9068,Yes,4,1,3,2,7,B
40,0,HR,8,Female,2,Divorced,3990,No,4,3,1,0,0,A
31,0,HR,12,Female,1,Married,6792,No,4,3,1,0,1,A
32,0,Research,5,Male,2,Single,1000,No,3,3,6,2,0,B
42,0,Sales,20,Female,3,Divorced,5020,No,4,1,2,0,0,A
48,0,Sales,13,Male,2,Married,8769,Yes,3,3,4,2,1,B
37,0,Research,10,Female,2,Married,2365,Yes,4,3,11,8,1,A
39,0,HR,1,Female,4,Single,5219,No,4,3,1,0,0,A
52,0,Research,1,Male,3,Single,1000,No,3,1,6,2,2,B
39,0,HR,12,Male,2,Married,1027,No,3,3,1,0,2,B
60,0,Research,1,Female,2,Single,2074,No,4,1,3,1,2,A
42,0,Sales,18,Female,2,Single,6907,Yes,3,3,6,4,1,A
21,0,Sales,8,Male,1,Divorced,7833,No,4,1,3,2,2,B
43,0,Sales,30,Female,2,Married,6275,No,3,1,1,0,2,A
40,0,HR,28,Male,4,Divorced,4969,Yes,3,2,2,1,0,B
48,0,HR,8,Male,3,Single,4983,Yes,4,2,0,0,6,B
43,0,Research,9,Male,3,Married,9364,Yes,3,2,5,2,4,B
35,1,Research,17,Female,2,Single,7351,Yes,4,1,8,5,3,A
25,0,Sales,23,Female,2,Single,5164,No,4,3,2,0,1,A
35,0,HR,1,Female,2,Married,11673,Yes,3,3,1,0,0,A
29,0,Research,1,Male,3,Single,14299,Yes,4,1,5,2,0,B
31,1,HR,5,Female,3,Divorced,1517,Yes,3,3,10,8,1,A
42,0,HR,14,Male,1,Married,8590,No,3,1,6,2,5,B
52,0,Sales,13,Male,4,Single,18859,No,4,3,4,1,1,B
40,0,Sales,18,Female,1,Single,7620,Yes,3,1,1,0,0,A
26,0,HR,1,Female,4,Single,6961,No,4,2,1,0,0,A
41,1,HR,1,Male,1,Married,6277,Yes,4,2,2,1,4,B
